batter_id,first_opportunities,first_adjusted_effect,second_opportunities,second_adjusted_effect,stability_eligible,eligible_pearson_correlation,eligible_spearman_correlation,eligible_directional_consistency,midpoint_date
500743,12,0.1184032013,8,-0.00226615699827,False,0.560522753221,0.473987780989,0.636904761905,2026-06-17
502671,18,-0.0881704987535,18,-0.0946462350197,True,0.560522753221,0.473987780989,0.636904761905,2026-06-17
514888,21,0.177463782709,22,0.159332249127,True,0.560522753221,0.473987780989,0.636904761905,2026-06-17
516782,6,-0.0658716818141,5,-0.0343241447039,False,0.560522753221,0.473987780989,0.636904761905,2026-06-17
518595,1,-0.014720736766,1,-0.00117382716828,False,0.560522753221,0.473987780989,0.636904761905,2026-06-17
518692,21,-0.0685234802032,14,0.0414413997248,True,0.560522753221,0.473987780989,0.636904761905,2026-06-17
521692,8,0.0841302329864,18,0.0806509102674,False,0.560522753221,0.473987780989,0.636904761905,2026-06-17
542303,22,0.0732857614424,11,0.147266162285,True,0.560522753221,0.473987780989,0.636904761905,2026-06-17
543309,8,-0.0371850201261,5,-0.00867336298992,False,0.560522753221,0.473987780989,0.636904761905,2026-06-17
543510,1,-0.0348913214022,11,-0.0079030867328,False,0.560522753221,0.473987780989,0.636904761905,2026-06-17
543760,13,0.101234982389,14,0.0620512654514,True,0.560522753221,0.473987780989,0.636904761905,2026-06-17
543807,19,-0.073339581125,17,-0.0565897057306,True,0.560522753221,0.473987780989,0.636904761905,2026-06-17
543877,8,0.0685883698164,9,0.0388227389301,False,0.560522753221,0.473987780989,0.636904761905,2026-06-17
545121,12,-0.0608533275706,15,-0.0640234718969,True,0.560522753221,0.473987780989,0.636904761905,2026-06-17
545341,3,-0.0164855191356,12,0.160345030521,False,0.560522753221,0.473987780989,0.636904761905,2026-06-17
545361,36,-0.0548867716684,37,-0.112549222159,True,0.560522753221,0.473987780989,0.636904761905,2026-06-17
547180,13,0.242609673858,18,0.338282467058,True,0.560522753221,0.473987780989,0.636904761905,2026-06-17
553869,2,-0.00565573835663,9,-0.0991718107161,False,0.560522753221,0.473987780989,0.636904761905,2026-06-17
553993,17,-0.0707214201231,27,-0.057737566183,True,0.560522753221,0.473987780989,0.636904761905,2026-06-17
571448,13,-0.0254897306233,25,0.0142355963993,True,0.560522753221,0.473987780989,0.636904761905,2026-06-17
571771,1,-0.00280355377972,5,-0.0327605488762,False,0.560522753221,0.473987780989,0.636904761905,2026-06-17
571970,15,-0.0691936100992,14,-0.0623403261949,True,0.560522753221,0.473987780989,0.636904761905,2026-06-17
572233,13,0.203059500416,14,0.060445495131,True,0.560522753221,0.473987780989,0.636904761905,2026-06-17
573262,10,-0.0175120845245,9,-0.060286318316,False,0.560522753221,0.473987780989,0.636904761905,2026-06-17
575929,18,-0.0356120687566,12,0.0770141659202,True,0.560522753221,0.473987780989,0.636904761905,2026-06-17
592518,21,0.0381144188271,11,0.126621510104,True,0.560522753221,0.473987780989,0.636904761905,2026-06-17
592626,7,0.0257975396476,9,-0.0722658672774,False,0.560522753221,0.473987780989,0.636904761905,2026-06-17
592663,9,-0.0725514377701,20,-0.0371655733157,False,0.560522753221,0.473987780989,0.636904761905,2026-06-17
592885,15,-0.00573587007497,26,-0.0969832837231,True,0.560522753221,0.473987780989,0.636904761905,2026-06-17
593428,24,0.104733270564,31,0.0571866505079,True,0.560522753221,0.473987780989,0.636904761905,2026-06-17
593871,2,-0.0241092643034,9,0.0776113831467,False,0.560522753221,0.473987780989,0.636904761905,2026-06-17
595879,4,0.0235150875001,4,0.119107124699,False,0.560522753221,0.473987780989,0.636904761905,2026-06-17
595978,5,-0.0949618681978,8,-0.0357049381514,False,0.560522753221,0.473987780989,0.636904761905,2026-06-17
596019,6,-0.0176046160539,30,-0.0953016274064,False,0.560522753221,0.473987780989,0.636904761905,2026-06-17
596115,14,-0.0357216311902,3,-0.0239245458655,False,0.560522753221,0.473987780989,0.636904761905,2026-06-17
596142,14,0.230205042206,10,0.172451349415,True,0.560522753221,0.473987780989,0.636904761905,2026-06-17
602104,3,0.00896880254382,1,0.0724930928872,False,0.560522753221,0.473987780989,0.636904761905,2026-06-17
605137,16,0.176231444597,14,0.0364872694223,True,0.560522753221,0.473987780989,0.636904761905,2026-06-17
605141,15,0.121071499794,32,-0.0122974377919,True,0.560522753221,0.473987780989,0.636904761905,2026-06-17
605170,17,-0.0579027737665,10,-0.0581384372065,True,0.560522753221,0.473987780989,0.636904761905,2026-06-17
606192,13,0.16301511328,14,0.0756234844958,True,0.560522753221,0.473987780989,0.636904761905,2026-06-17
606466,16,-0.030375472393,18,-0.0202915223697,True,0.560522753221,0.473987780989,0.636904761905,2026-06-17
606992,2,-0.0169390290958,2,-0.039979574178,False,0.560522753221,0.473987780989,0.636904761905,2026-06-17
607043,11,-0.00401406108131,16,-0.0443361800525,True,0.560522753221,0.473987780989,0.636904761905,2026-06-17
607208,12,-0.0540926037078,19,0.186082777461,True,0.560522753221,0.473987780989,0.636904761905,2026-06-17
608070,23,-0.0830945335113,11,-0.108766495826,True,0.560522753221,0.473987780989,0.636904761905,2026-06-17
608324,22,-0.000119911307438,32,0.0980322773014,True,0.560522753221,0.473987780989,0.636904761905,2026-06-17
608348,9,-0.0332428856511,21,-0.0609974816768,False,0.560522753221,0.473987780989,0.636904761905,2026-06-17
608369,17,0.0144378086849,8,-0.0204402431678,False,0.560522753221,0.473987780989,0.636904761905,2026-06-17
608701,17,-0.0904100516783,1,0.0710532011411,False,0.560522753221,0.473987780989,0.636904761905,2026-06-17
620443,6,-0.115775542576,12,-0.0592675025629,False,0.560522753221,0.473987780989,0.636904761905,2026-06-17
621020,13,-0.0642195823765,5,-0.00556778337356,False,0.560522753221,0.473987780989,0.636904761905,2026-06-17
621438,6,-0.00846590255064,8,-0.0547017191846,False,0.560522753221,0.473987780989,0.636904761905,2026-06-17
621439,13,0.0291079149563,12,-0.0189668163183,True,0.560522753221,0.473987780989,0.636904761905,2026-06-17
621493,31,-0.0317232426821,20,-0.026423220276,True,0.560522753221,0.473987780989,0.636904761905,2026-06-17
621566,8,0.036692584456,11,0.10271301088,False,0.560522753221,0.473987780989,0.636904761905,2026-06-17
622268,2,-0.00902774678452,4,0.0561544382372,False,0.560522753221,0.473987780989,0.636904761905,2026-06-17
622761,6,-0.0441616052269,6,0.051952339665,False,0.560522753221,0.473987780989,0.636904761905,2026-06-17
623168,1,0.0786871656554,3,-0.0221124908787,False,0.560522753221,0.473987780989,0.636904761905,2026-06-17
624413,38,-0.0619582892394,26,-0.0463768095751,True,0.560522753221,0.473987780989,0.636904761905,2026-06-17
624424,8,-0.0511675965333,11,0.0368270874155,False,0.560522753221,0.473987780989,0.636904761905,2026-06-17
624428,6,-0.0418187398315,1,0.0786964495859,False,0.560522753221,0.473987780989,0.636904761905,2026-06-17
624431,4,-0.0795577459706,10,-0.0716289506704,False,0.560522753221,0.473987780989,0.636904761905,2026-06-17
624585,11,-0.0323219667047,4,0.0142817076692,False,0.560522753221,0.473987780989,0.636904761905,2026-06-17
624641,6,0.116554965947,5,0.00912752414346,False,0.560522753221,0.473987780989,0.636904761905,2026-06-17
630105,4,-0.015908939313,12,-0.0376827792708,False,0.560522753221,0.473987780989,0.636904761905,2026-06-17
640902,10,-0.112681042816,3,-0.0217954152937,False,0.560522753221,0.473987780989,0.636904761905,2026-06-17
641343,19,-0.0426954456202,24,-6.14401650532e-05,True,0.560522753221,0.473987780989,0.636904761905,2026-06-17
641355,9,-0.0571248454737,8,-0.051634131752,False,0.560522753221,0.473987780989,0.636904761905,2026-06-17
641487,12,-0.0678887025069,6,-0.0177230953776,False,0.560522753221,0.473987780989,0.636904761905,2026-06-17
641598,6,-0.0491559301269,5,-0.0355929347867,False,0.560522753221,0.473987780989,0.636904761905,2026-06-17
641680,5,-0.00388199908584,9,0.00133182566417,False,0.560522753221,0.473987780989,0.636904761905,2026-06-17
641857,13,0.0147461198567,11,-0.00922269144065,True,0.560522753221,0.473987780989,0.636904761905,2026-06-17
641933,15,-0.0532090500328,13,0.096581945275,True,0.560522753221,0.473987780989,0.636904761905,2026-06-17
642086,7,-0.0201419838188,9,0.0624424118646,False,0.560522753221,0.473987780989,0.636904761905,2026-06-17
642201,8,-0.0143231593279,5,-0.0310896983164,False,0.560522753221,0.473987780989,0.636904761905,2026-06-17
642215,2,-0.0368992776026,12,-0.0404119742648,False,0.560522753221,0.473987780989,0.636904761905,2026-06-17
642350,4,-0.0165088269843,12,-0.0235512234313,False,0.560522753221,0.473987780989,0.636904761905,2026-06-17
642708,3,-0.0145743765078,5,-0.0568734299244,False,0.560522753221,0.473987780989,0.636904761905,2026-06-17
642715,22,-0.0200540771272,12,0.064395184416,True,0.560522753221,0.473987780989,0.636904761905,2026-06-17
642851,4,-0.0445779208948,4,-0.0395015607975,False,0.560522753221,0.473987780989,0.636904761905,2026-06-17
643217,9,-0.0793182773525,7,-0.0291322013057,False,0.560522753221,0.473987780989,0.636904761905,2026-06-17
643289,19,0.00412430814108,24,0.000158155094643,True,0.560522753221,0.473987780989,0.636904761905,2026-06-17
643396,8,0.0225799872647,3,0.0165814982276,False,0.560522753221,0.473987780989,0.636904761905,2026-06-17
643446,15,0.0604686244696,4,0.080948925387,False,0.560522753221,0.473987780989,0.636904761905,2026-06-17
644433,1,-0.0193817022086,1,-0.0603733874028,False,0.560522753221,0.473987780989,0.636904761905,2026-06-17
645277,15,-0.00622613271121,13,-0.0421761757789,True,0.560522753221,0.473987780989,0.636904761905,2026-06-17
645302,5,-0.00961307905213,5,-0.0220431538102,False,0.560522753221,0.473987780989,0.636904761905,2026-06-17
645305,1,-0.00250199250401,1,-0.00350478982169,False,0.560522753221,0.473987780989,0.636904761905,2026-06-17
646240,9,-0.0289317513651,13,-0.0116060869064,False,0.560522753221,0.473987780989,0.636904761905,2026-06-17
647304,14,0.0300787468527,10,0.061422127245,True,0.560522753221,0.473987780989,0.636904761905,2026-06-17
650333,20,-0.00726318895149,22,-0.0580894874512,True,0.560522753221,0.473987780989,0.636904761905,2026-06-17
650402,16,-0.0272187064777,22,-0.0196300188683,True,0.560522753221,0.473987780989,0.636904761905,2026-06-17
650489,9,0.0818451939183,16,0.0106851536281,False,0.560522753221,0.473987780989,0.636904761905,2026-06-17
650490,22,-0.0815369144028,29,-0.106354511485,True,0.560522753221,0.473987780989,0.636904761905,2026-06-17
650859,13,-0.059776614437,9,-1.24920121093e-05,False,0.560522753221,0.473987780989,0.636904761905,2026-06-17
650968,3,0.0271730532963,2,0.0296371638634,False,0.560522753221,0.473987780989,0.636904761905,2026-06-17
655316,12,-0.0813512842113,17,-0.0842504011147,True,0.560522753221,0.473987780989,0.636904761905,2026-06-17
656305,20,-0.033397491749,5,-0.016905637989,False,0.560522753221,0.473987780989,0.636904761905,2026-06-17
656413,2,0.127332466468,2,0.125354836055,False,0.560522753221,0.473987780989,0.636904761905,2026-06-17
656484,8,0.0272787082413,3,-0.0394342490145,False,0.560522753221,0.473987780989,0.636904761905,2026-06-17
656537,6,-0.00816992044317,5,-0.0732007516826,False,0.560522753221,0.473987780989,0.636904761905,2026-06-17
656555,16,0.04272508355,4,0.0849689939572,False,0.560522753221,0.473987780989,0.636904761905,2026-06-17
656577,1,-0.000988808497196,1,-0.00525872105209,False,0.560522753221,0.473987780989,0.636904761905,2026-06-17
656716,7,0.00968758802906,9,0.0228862243161,False,0.560522753221,0.473987780989,0.636904761905,2026-06-17
656775,15,-0.00218723241605,17,0.127426600305,True,0.560522753221,0.473987780989,0.636904761905,2026-06-17
656811,14,0.0599602141141,11,0.0216811792282,True,0.560522753221,0.473987780989,0.636904761905,2026-06-17
656941,26,0.0966280475021,17,-0.0139619171434,True,0.560522753221,0.473987780989,0.636904761905,2026-06-17
656976,3,0.00188783633148,1,-0.0174170183636,False,0.560522753221,0.473987780989,0.636904761905,2026-06-17
657041,14,-0.0274975987827,18,-0.0418410296202,True,0.560522753221,0.473987780989,0.636904761905,2026-06-17
657136,8,-0.00237850704367,9,-0.0185040038699,False,0.560522753221,0.473987780989,0.636904761905,2026-06-17
657757,18,-0.0443967427875,15,-0.045874403526,True,0.560522753221,0.473987780989,0.636904761905,2026-06-17
660271,8,0.075628038052,17,-0.00591364878099,False,0.560522753221,0.473987780989,0.636904761905,2026-06-17
660670,20,0.0857111809871,14,-0.0175554228351,True,0.560522753221,0.473987780989,0.636904761905,2026-06-17
660688,8,-0.0711212872862,3,-0.0280670101235,False,0.560522753221,0.473987780989,0.636904761905,2026-06-17
660710,7,-0.0839504764549,4,-0.0576243765104,False,0.560522753221,0.473987780989,0.636904761905,2026-06-17
660821,9,0.0314229211011,8,0.0225412027311,False,0.560522753221,0.473987780989,0.636904761905,2026-06-17
660844,11,-0.0153454034322,2,-0.00877273265038,False,0.560522753221,0.473987780989,0.636904761905,2026-06-17
661388,14,-0.00803053613922,30,-0.0160215580472,True,0.560522753221,0.473987780989,0.636904761905,2026-06-17
662139,14,-0.0630297308415,14,0.0583950394501,True,0.560522753221,0.473987780989,0.636904761905,2026-06-17
663330,5,0.0362211398743,4,0.086214745299,False,0.560522753221,0.473987780989,0.636904761905,2026-06-17
663368,6,-0.0442085585551,3,-0.0334440520765,False,0.560522753221,0.473987780989,0.636904761905,2026-06-17
663457,3,-0.0526170936761,11,-0.0484460025324,False,0.560522753221,0.473987780989,0.636904761905,2026-06-17
663494,4,-0.028554753129,10,0.0667151272376,False,0.560522753221,0.473987780989,0.636904761905,2026-06-17
663538,20,0.033768163443,15,0.125172957185,True,0.560522753221,0.473987780989,0.636904761905,2026-06-17
663586,16,-0.0882572122289,18,-0.125744180731,True,0.560522753221,0.473987780989,0.636904761905,2026-06-17
663604,5,-0.0370925440133,1,-0.00421214934817,False,0.560522753221,0.473987780989,0.636904761905,2026-06-17
663616,5,0.0507714205132,12,0.127935884754,False,0.560522753221,0.473987780989,0.636904761905,2026-06-17
663647,13,-0.0593704764143,5,-0.0126537045418,False,0.560522753221,0.473987780989,0.636904761905,2026-06-17
663656,15,-0.0466042910708,13,0.0455612507525,True,0.560522753221,0.473987780989,0.636904761905,2026-06-17
663698,3,-0.0866689674412,3,-0.0342645220638,False,0.560522753221,0.473987780989,0.636904761905,2026-06-17
663728,7,-0.0023856741717,18,0.139937156457,False,0.560522753221,0.473987780989,0.636904761905,2026-06-17
663743,11,-0.0354268772399,9,0.0110155169992,False,0.560522753221,0.473987780989,0.636904761905,2026-06-17
663757,18,0.0290934212225,11,0.00800571186361,True,0.560522753221,0.473987780989,0.636904761905,2026-06-17
663837,15,-0.0792980858624,8,-0.0322963664284,False,0.560522753221,0.473987780989,0.636904761905,2026-06-17
663886,16,-0.0655443355866,15,-0.00499485488782,True,0.560522753221,0.473987780989,0.636904761905,2026-06-17
663968,5,-0.0526414745875,17,0.0152904377713,False,0.560522753221,0.473987780989,0.636904761905,2026-06-17
663993,19,-0.0735629338776,14,-0.0213207034657,True,0.560522753221,0.473987780989,0.636904761905,2026-06-17
664023,15,-0.0284092376188,26,-0.0562968905864,True,0.560522753221,0.473987780989,0.636904761905,2026-06-17
664034,9,-0.0973684681087,17,-0.0612935539912,False,0.560522753221,0.473987780989,0.636904761905,2026-06-17
664040,17,-0.105670305393,16,-0.0906969532023,True,0.560522753221,0.473987780989,0.636904761905,2026-06-17
664702,9,0.0346173139839,15,0.135206880066,False,0.560522753221,0.473987780989,0.636904761905,2026-06-17
664728,8,-0.0421778476861,8,-0.0612155790669,False,0.560522753221,0.473987780989,0.636904761905,2026-06-17
664761,19,0.0419424539644,19,0.0328431811361,True,0.560522753221,0.473987780989,0.636904761905,2026-06-17
664770,3,-0.00448597043474,10,-0.0593463931912,False,0.560522753221,0.473987780989,0.636904761905,2026-06-17
664774,2,-0.0105768038188,9,-0.00464061216028,False,0.560522753221,0.473987780989,0.636904761905,2026-06-17
664954,3,0.00481752051909,5,-0.0593552940593,False,0.560522753221,0.473987780989,0.636904761905,2026-06-17
664983,11,-0.010839616139,14,-0.00163802762918,True,0.560522753221,0.473987780989,0.636904761905,2026-06-17
665019,12,0.0765692353942,10,-0.00121211262559,True,0.560522753221,0.473987780989,0.636904761905,2026-06-17
665161,7,-0.0174695774373,8,0.00510041052394,False,0.560522753221,0.473987780989,0.636904761905,2026-06-17
665487,13,-0.0851569068111,17,0.00783609172097,True,0.560522753221,0.473987780989,0.636904761905,2026-06-17
665489,18,0.074092042987,18,-0.0088671907708,True,0.560522753221,0.473987780989,0.636904761905,2026-06-17
665561,7,-0.00740618789182,3,-0.0318354372064,False,0.560522753221,0.473987780989,0.636904761905,2026-06-17
665742,9,0.161239105817,18,0.030942314531,False,0.560522753221,0.473987780989,0.636904761905,2026-06-17
665750,17,-0.0471497424797,15,0.0418530816302,True,0.560522753221,0.473987780989,0.636904761905,2026-06-17
665804,11,0.0187117535706,7,0.0464244363446,False,0.560522753221,0.473987780989,0.636904761905,2026-06-17
665833,20,-0.13110003128,6,-0.0981127459008,False,0.560522753221,0.473987780989,0.636904761905,2026-06-17
665862,12,0.0951265195846,9,0.0864400453177,False,0.560522753221,0.473987780989,0.636904761905,2026-06-17
665877,8,-0.0647843453144,18,-0.0644488504422,False,0.560522753221,0.473987780989,0.636904761905,2026-06-17
665923,4,-0.018490554028,18,0.248917513044,False,0.560522753221,0.473987780989,0.636904761905,2026-06-17
665926,13,-0.0463794681704,9,0.068215671724,False,0.560522753221,0.473987780989,0.636904761905,2026-06-17
665953,5,-0.00774198050454,10,-0.0152954191697,False,0.560522753221,0.473987780989,0.636904761905,2026-06-17
665966,7,0.029884417885,7,-0.0257458560315,False,0.560522753221,0.473987780989,0.636904761905,2026-06-17
666018,18,0.000992733088754,25,-0.00343160855201,True,0.560522753221,0.473987780989,0.636904761905,2026-06-17
666023,7,0.00589815639164,3,-0.03061924461,False,0.560522753221,0.473987780989,0.636904761905,2026-06-17
666126,17,0.0310360739575,15,-0.0553725201003,True,0.560522753221,0.473987780989,0.636904761905,2026-06-17
666139,6,-0.0524987046313,5,-0.0652323030401,False,0.560522753221,0.473987780989,0.636904761905,2026-06-17
666152,10,-0.117939044821,12,-0.0403994475428,True,0.560522753221,0.473987780989,0.636904761905,2026-06-17
666160,2,0.0458244152632,9,-0.0125283257575,False,0.560522753221,0.473987780989,0.636904761905,2026-06-17
666176,14,-0.0797296632181,16,-0.0268650965023,True,0.560522753221,0.473987780989,0.636904761905,2026-06-17
666182,17,0.0559838794847,21,0.010208753643,True,0.560522753221,0.473987780989,0.636904761905,2026-06-17
666211,4,0.0136492229738,11,0.165156896879,False,0.560522753221,0.473987780989,0.636904761905,2026-06-17
666397,13,0.133515252981,5,0.138410457307,False,0.560522753221,0.473987780989,0.636904761905,2026-06-17
666624,8,-0.060545782248,2,0.0154078894634,False,0.560522753221,0.473987780989,0.636904761905,2026-06-17
666971,2,-0.00404557084498,7,-0.0143939109877,False,0.560522753221,0.473987780989,0.636904761905,2026-06-17
667472,10,-0.0382835418592,15,0.0283231735422,True,0.560522753221,0.473987780989,0.636904761905,2026-06-17
668227,20,0.00984220888692,28,0.04587393998,True,0.560522753221,0.473987780989,0.636904761905,2026-06-17
668670,4,-0.10912672186,4,0.00581902320868,False,0.560522753221,0.473987780989,0.636904761905,2026-06-17
668709,12,0.115038502115,19,0.130820056838,True,0.560522753221,0.473987780989,0.636904761905,2026-06-17
668715,18,-0.0706980164165,10,0.00824209222634,True,0.560522753221,0.473987780989,0.636904761905,2026-06-17
668723,7,0.0734538950645,8,-0.0279584063896,False,0.560522753221,0.473987780989,0.636904761905,2026-06-17
668804,29,0.0181187353352,9,0.0599129659436,False,0.560522753221,0.473987780989,0.636904761905,2026-06-17
668885,17,0.157956841988,7,0.0465146602044,False,0.560522753221,0.473987780989,0.636904761905,2026-06-17
668901,13,0.237409312726,8,0.188195659142,False,0.560522753221,0.473987780989,0.636904761905,2026-06-17
668904,9,-0.057713417402,19,-0.0435318072822,False,0.560522753221,0.473987780989,0.636904761905,2026-06-17
668930,14,-0.0307587858463,17,-0.0459520396264,True,0.560522753221,0.473987780989,0.636904761905,2026-06-17
668939,12,-0.0710369001389,13,-0.0751316731811,True,0.560522753221,0.473987780989,0.636904761905,2026-06-17
668952,1,-0.00595287650247,9,0.00522706216536,False,0.560522753221,0.473987780989,0.636904761905,2026-06-17
669003,12,-0.0505283054549,22,-0.136210596026,True,0.560522753221,0.473987780989,0.636904761905,2026-06-17
669016,8,-0.0464666994815,18,-0.0384192274619,False,0.560522753221,0.473987780989,0.636904761905,2026-06-17
669065,12,-0.0497160368557,13,0.0108829295179,True,0.560522753221,0.473987780989,0.636904761905,2026-06-17
669127,7,-0.0444605002255,5,-0.0449026998216,False,0.560522753221,0.473987780989,0.636904761905,2026-06-17
669134,2,-0.0336727092305,10,0.0436055867711,False,0.560522753221,0.473987780989,0.636904761905,2026-06-17
669224,8,-0.0141378475357,5,0.13434174192,False,0.560522753221,0.473987780989,0.636904761905,2026-06-17
669236,5,-0.0173028179049,2,-0.00604146242406,False,0.560522753221,0.473987780989,0.636904761905,2026-06-17
669257,14,-0.0668717310746,1,-0.00808859160147,False,0.560522753221,0.473987780989,0.636904761905,2026-06-17
669357,8,-0.027702602458,4,-0.034700739791,False,0.560522753221,0.473987780989,0.636904761905,2026-06-17
669364,26,-0.0496130277515,25,0.0278700260724,True,0.560522753221,0.473987780989,0.636904761905,2026-06-17
669392,2,0.0470283515369,7,-0.0489802793372,False,0.560522753221,0.473987780989,0.636904761905,2026-06-17
669394,25,-0.0183923380764,16,0.0409951209399,True,0.560522753221,0.473987780989,0.636904761905,2026-06-17
669477,15,0.0584730479511,5,-0.0716501184454,False,0.560522753221,0.473987780989,0.636904761905,2026-06-17
669699,2,-0.00413295786445,2,-0.0184012824159,False,0.560522753221,0.473987780989,0.636904761905,2026-06-17
669701,3,-0.0124019115763,5,0.0466861980437,False,0.560522753221,0.473987780989,0.636904761905,2026-06-17
669707,7,-0.108624674112,21,-0.0476193296122,False,0.560522753221,0.473987780989,0.636904761905,2026-06-17
669720,4,0.0114967981035,3,-0.0198289814756,False,0.560522753221,0.473987780989,0.636904761905,2026-06-17
669743,8,0.12171348823,4,-0.0417482576573,False,0.560522753221,0.473987780989,0.636904761905,2026-06-17
669899,5,-0.0746784416875,1,-0.00365235920978,False,0.560522753221,0.473987780989,0.636904761905,2026-06-17
670032,4,-0.0563935034192,12,-0.0611932065616,False,0.560522753221,0.473987780989,0.636904761905,2026-06-17
670042,15,-0.00114331169019,6,-0.106763734861,False,0.560522753221,0.473987780989,0.636904761905,2026-06-17
670097,3,-0.0621842231681,1,-0.00163688566598,False,0.560522753221,0.473987780989,0.636904761905,2026-06-17
670224,2,-0.0265288382481,1,-0.0779825581548,False,0.560522753221,0.473987780989,0.636904761905,2026-06-17
670231,1,-0.0675906907216,4,-0.0236612284315,False,0.560522753221,0.473987780989,0.636904761905,2026-06-17
670541,11,-0.0145054353526,12,-0.0811255140028,True,0.560522753221,0.473987780989,0.636904761905,2026-06-17
670623,24,0.0172491005433,22,0.0402166608029,True,0.560522753221,0.473987780989,0.636904761905,2026-06-17
670764,7,0.213430994226,17,0.00557870254572,False,0.560522753221,0.473987780989,0.636904761905,2026-06-17
670770,10,-0.0962232587539,6,-0.0421152085059,False,0.560522753221,0.473987780989,0.636904761905,2026-06-17
671056,25,0.107254795239,18,-0.00116253504991,True,0.560522753221,0.473987780989,0.636904761905,2026-06-17
671218,10,0.0894726623232,15,0.11977080971,True,0.560522753221,0.473987780989,0.636904761905,2026-06-17
671277,9,-0.00325227229547,14,-0.020624742826,False,0.560522753221,0.473987780989,0.636904761905,2026-06-17
671289,12,0.0298610998248,6,-0.0168596540918,False,0.560522753221,0.473987780989,0.636904761905,2026-06-17
671732,13,0.0313228626699,15,0.165480851866,True,0.560522753221,0.473987780989,0.636904761905,2026-06-17
671739,6,0.0229522959287,8,0.023747609987,False,0.560522753221,0.473987780989,0.636904761905,2026-06-17
671976,2,-0.00408943338559,8,0.169734902322,False,0.560522753221,0.473987780989,0.636904761905,2026-06-17
672016,4,-0.0238676391324,1,-0.00436632642765,False,0.560522753221,0.473987780989,0.636904761905,2026-06-17
672275,9,-0.0976125443389,11,0.0278826319657,False,0.560522753221,0.473987780989,0.636904761905,2026-06-17
672284,3,0.0318747412183,1,-0.0607334917298,False,0.560522753221,0.473987780989,0.636904761905,2026-06-17
672356,4,-0.00996661763901,9,-0.0752441660357,False,0.560522753221,0.473987780989,0.636904761905,2026-06-17
672386,2,0.0157415400298,18,0.0687520519198,False,0.560522753221,0.473987780989,0.636904761905,2026-06-17
672515,19,0.0712230474981,30,0.0467895860034,True,0.560522753221,0.473987780989,0.636904761905,2026-06-17
672580,37,0.0565961711953,2,0.0997825571114,False,0.560522753221,0.473987780989,0.636904761905,2026-06-17
672640,26,0.00225990226883,26,-0.0591075743113,True,0.560522753221,0.473987780989,0.636904761905,2026-06-17
672695,24,0.0450563766693,29,0.0756407947605,True,0.560522753221,0.473987780989,0.636904761905,2026-06-17
672724,11,-0.00650162909206,9,-0.0145382193367,False,0.560522753221,0.473987780989,0.636904761905,2026-06-17
672960,28,-0.133867820281,17,-0.0585233981598,True,0.560522753221,0.473987780989,0.636904761905,2026-06-17
673237,2,-0.0326510673128,4,0.079509325129,False,0.560522753221,0.473987780989,0.636904761905,2026-06-17
673357,5,0.0358573396384,7,-0.0775991878588,False,0.560522753221,0.473987780989,0.636904761905,2026-06-17
673490,7,-0.027827134253,7,0.00488467833059,False,0.560522753221,0.473987780989,0.636904761905,2026-06-17
673548,21,0.0231497554384,30,-0.00796661181796,True,0.560522753221,0.473987780989,0.636904761905,2026-06-17
673962,19,-0.0194651242396,10,-0.0697661351621,True,0.560522753221,0.473987780989,0.636904761905,2026-06-17
675961,2,-0.0550957951682,7,-0.0177786678072,False,0.560522753221,0.473987780989,0.636904761905,2026-06-17
676356,11,-0.0742898848305,13,-0.00353590436174,True,0.560522753221,0.473987780989,0.636904761905,2026-06-17
676369,2,0.0426271624581,5,0.0691101985331,False,0.560522753221,0.473987780989,0.636904761905,2026-06-17
676391,9,0.0792012005498,15,0.10532704588,False,0.560522753221,0.473987780989,0.636904761905,2026-06-17
676439,7,-0.0387962064341,13,-0.0163470209909,False,0.560522753221,0.473987780989,0.636904761905,2026-06-17
676475,20,-4.18978777152e-05,17,-0.040116301326,True,0.560522753221,0.473987780989,0.636904761905,2026-06-17
676572,2,-0.0131492803787,7,0.0937983432185,False,0.560522753221,0.473987780989,0.636904761905,2026-06-17
676609,22,0.201893379218,10,0.20827758931,True,0.560522753221,0.473987780989,0.636904761905,2026-06-17
676694,5,-0.0220283719589,1,-0.00995285678939,False,0.560522753221,0.473987780989,0.636904761905,2026-06-17
676724,9,-0.0345392467009,11,-0.0456683525342,False,0.560522753221,0.473987780989,0.636904761905,2026-06-17
676914,15,0.250435590675,7,0.157852613133,False,0.560522753221,0.473987780989,0.636904761905,2026-06-17
677587,21,0.0802538986056,20,-0.0305501359546,True,0.560522753221,0.473987780989,0.636904761905,2026-06-17
677588,7,-0.00723745076833,7,-0.019489927165,False,0.560522753221,0.473987780989,0.636904761905,2026-06-17
677594,21,-0.0542975353839,16,-0.102636840322,True,0.560522753221,0.473987780989,0.636904761905,2026-06-17
677595,2,-0.0147951376046,1,0.0680877285202,False,0.560522753221,0.473987780989,0.636904761905,2026-06-17
677649,9,-0.024556307373,23,-0.0357348338429,False,0.560522753221,0.473987780989,0.636904761905,2026-06-17
677800,22,-0.062057135841,19,-0.0544712803465,True,0.560522753221,0.473987780989,0.636904761905,2026-06-17
677870,14,-0.0473170263078,10,-0.070036110114,True,0.560522753221,0.473987780989,0.636904761905,2026-06-17
677942,13,-0.0113040067078,12,0.02145721835,True,0.560522753221,0.473987780989,0.636904761905,2026-06-17
677951,27,-0.0132552952859,15,-0.0313314137452,True,0.560522753221,0.473987780989,0.636904761905,2026-06-17
678011,1,0.0534183333681,14,0.10241701785,False,0.560522753221,0.473987780989,0.636904761905,2026-06-17
678218,5,-0.0123744352151,11,0.146588307002,False,0.560522753221,0.473987780989,0.636904761905,2026-06-17
678246,19,0.00936188982015,28,0.0163853896517,True,0.560522753221,0.473987780989,0.636904761905,2026-06-17
678391,9,-0.0270506817255,10,0.024417656798,False,0.560522753221,0.473987780989,0.636904761905,2026-06-17
678489,12,-0.0419713638513,3,-0.0308416836039,False,0.560522753221,0.473987780989,0.636904761905,2026-06-17
678554,21,-0.0203624380128,11,-0.101102329285,True,0.560522753221,0.473987780989,0.636904761905,2026-06-17
678662,22,-0.0441455454798,6,-0.0109248728529,False,0.560522753221,0.473987780989,0.636904761905,2026-06-17
678882,15,0.0480483403028,13,-0.018394238313,True,0.560522753221,0.473987780989,0.636904761905,2026-06-17
679529,20,-0.0331218639045,28,0.0572804918943,True,0.560522753221,0.473987780989,0.636904761905,2026-06-17
679822,10,0.0525821003988,9,0.115715701459,False,0.560522753221,0.473987780989,0.636904761905,2026-06-17
679845,9,0.135177453379,20,0.062196078807,False,0.560522753221,0.473987780989,0.636904761905,2026-06-17
680474,4,0.216496987679,5,0.115001887302,False,0.560522753221,0.473987780989,0.636904761905,2026-06-17
680574,30,-0.0735876788347,20,-0.0611545933431,True,0.560522753221,0.473987780989,0.636904761905,2026-06-17
680700,18,-0.084929761062,6,-0.0445576019714,False,0.560522753221,0.473987780989,0.636904761905,2026-06-17
680728,7,-0.0148533657457,4,-0.0224053846792,False,0.560522753221,0.473987780989,0.636904761905,2026-06-17
680757,25,-0.015185286473,29,-0.0054047761606,True,0.560522753221,0.473987780989,0.636904761905,2026-06-17
680776,13,-0.0814538281577,12,0.0482753365759,True,0.560522753221,0.473987780989,0.636904761905,2026-06-17
680777,17,-0.011544999121,12,0.018132651385,True,0.560522753221,0.473987780989,0.636904761905,2026-06-17
680779,4,-0.034145148363,7,-0.0399322703599,False,0.560522753221,0.473987780989,0.636904761905,2026-06-17
680869,13,-0.0331402413974,16,0.0611739121574,True,0.560522753221,0.473987780989,0.636904761905,2026-06-17
680977,7,0.0109430055679,9,0.0509730548276,False,0.560522753221,0.473987780989,0.636904761905,2026-06-17
681082,13,-0.0534550916958,30,-0.0881564893007,True,0.560522753221,0.473987780989,0.636904761905,2026-06-17
681198,12,0.0221929440517,15,0.0554802622093,True,0.560522753221,0.473987780989,0.636904761905,2026-06-17
681297,11,0.00427186922856,10,-0.00917920005429,True,0.560522753221,0.473987780989,0.636904761905,2026-06-17
681351,14,-0.0817186855161,6,-0.0322108192698,False,0.560522753221,0.473987780989,0.636904761905,2026-06-17
681393,16,-0.0195316596712,7,-0.00637921462479,False,0.560522753221,0.473987780989,0.636904761905,2026-06-17
681481,10,0.0210797001833,4,-0.0169529998093,False,0.560522753221,0.473987780989,0.636904761905,2026-06-17
681508,8,-0.0684142023853,5,0.0163780040063,False,0.560522753221,0.473987780989,0.636904761905,2026-06-17
681546,6,-0.00592921716326,5,0.0675052663378,False,0.560522753221,0.473987780989,0.636904761905,2026-06-17
681624,20,0.00355950436917,25,0.0727839963146,True,0.560522753221,0.473987780989,0.636904761905,2026-06-17
681715,14,-0.079179172676,28,-0.0847653561013,True,0.560522753221,0.473987780989,0.636904761905,2026-06-17
681807,11,-0.00162642907913,6,-0.0571523349253,False,0.560522753221,0.473987780989,0.636904761905,2026-06-17
682177,7,0.0187551346942,3,-0.00460154346601,False,0.560522753221,0.473987780989,0.636904761905,2026-06-17
682622,1,-0.0090082234304,5,-0.0486938864849,False,0.560522753221,0.473987780989,0.636904761905,2026-06-17
682626,11,0.0761253986052,18,0.105315925369,True,0.560522753221,0.473987780989,0.636904761905,2026-06-17
682657,13,-0.0166618279219,9,-0.0210113800577,False,0.560522753221,0.473987780989,0.636904761905,2026-06-17
682663,2,-0.00688300346743,1,-0.0201525173893,False,0.560522753221,0.473987780989,0.636904761905,2026-06-17
682668,8,-0.0372857593127,4,-0.0128275937767,False,0.560522753221,0.473987780989,0.636904761905,2026-06-17
682674,2,-0.00541965218111,5,-0.0423355769217,False,0.560522753221,0.473987780989,0.636904761905,2026-06-17
682818,5,-0.0349355923315,1,-0.04808974913,False,0.560522753221,0.473987780989,0.636904761905,2026-06-17
682829,16,-0.0571717249398,25,0.00736359681989,True,0.560522753221,0.473987780989,0.636904761905,2026-06-17
682848,3,-0.0152901727976,2,0.0428420406356,False,0.560522753221,0.473987780989,0.636904761905,2026-06-17
682877,5,-0.0320170070313,2,-0.0176636261197,False,0.560522753221,0.473987780989,0.636904761905,2026-06-17
682928,19,0.10357228355,15,0.0709974034737,True,0.560522753221,0.473987780989,0.636904761905,2026-06-17
682985,17,-0.0186775645585,15,0.0244670974528,True,0.560522753221,0.473987780989,0.636904761905,2026-06-17
682987,3,0.0183036379773,6,-0.048713495602,False,0.560522753221,0.473987780989,0.636904761905,2026-06-17
682997,1,-0.00223096905995,3,0.0195161199291,False,0.560522753221,0.473987780989,0.636904761905,2026-06-17
682998,15,0.0591986445677,19,-0.0292744325899,True,0.560522753221,0.473987780989,0.636904761905,2026-06-17
683002,15,0.0275012879867,11,0.0189210764611,True,0.560522753221,0.473987780989,0.636904761905,2026-06-17
683011,3,0.0289230465657,14,0.0494645121512,False,0.560522753221,0.473987780989,0.636904761905,2026-06-17
683083,18,-0.0109018988616,19,-0.0656416265544,True,0.560522753221,0.473987780989,0.636904761905,2026-06-17
683146,12,-0.0797855018792,7,0.0619888378675,False,0.560522753221,0.473987780989,0.636904761905,2026-06-17
683227,3,0.00765780789524,6,-0.0282353376003,False,0.560522753221,0.473987780989,0.636904761905,2026-06-17
683357,17,-0.00868441916933,8,0.000955701123351,False,0.560522753221,0.473987780989,0.636904761905,2026-06-17
683679,3,-0.00521119795086,2,0.0159595207357,False,0.560522753221,0.473987780989,0.636904761905,2026-06-17
683734,9,-0.0555415585902,24,-0.130510606265,False,0.560522753221,0.473987780989,0.636904761905,2026-06-17
683737,15,0.0777477703058,17,-0.0322653136713,True,0.560522753221,0.473987780989,0.636904761905,2026-06-17
683748,5,0.0118835965571,7,-0.0163766968852,False,0.560522753221,0.473987780989,0.636904761905,2026-06-17
683953,9,-0.0120035674365,17,0.0271852675037,False,0.560522753221,0.473987780989,0.636904761905,2026-06-17
685133,3,-0.0386817618666,22,-0.00150713931605,False,0.560522753221,0.473987780989,0.636904761905,2026-06-17
686217,20,-0.054028231852,5,-0.0394342390336,False,0.560522753221,0.473987780989,0.636904761905,2026-06-17
686452,12,-0.0749802601091,1,-0.0024854098263,False,0.560522753221,0.473987780989,0.636904761905,2026-06-17
686469,16,-0.00740800053361,7,-0.005544077423,False,0.560522753221,0.473987780989,0.636904761905,2026-06-17
686475,1,-0.00133943025584,6,-0.0337243576675,False,0.560522753221,0.473987780989,0.636904761905,2026-06-17
686527,10,0.0400725194116,13,-0.00793833368231,True,0.560522753221,0.473987780989,0.636904761905,2026-06-17
686555,15,0.0300970486783,20,0.125742980832,True,0.560522753221,0.473987780989,0.636904761905,2026-06-17
686611,2,-0.0879343783153,21,-0.0177749460975,False,0.560522753221,0.473987780989,0.636904761905,2026-06-17
686668,5,-0.0819084825797,2,-0.0445116556247,False,0.560522753221,0.473987780989,0.636904761905,2026-06-17
686681,9,-0.0288032463388,11,0.0990240568135,False,0.560522753221,0.473987780989,0.636904761905,2026-06-17
686765,4,-0.0715133943327,21,0.125381221973,False,0.560522753221,0.473987780989,0.636904761905,2026-06-17
686780,10,-0.0791565545058,4,-0.0238263350127,False,0.560522753221,0.473987780989,0.636904761905,2026-06-17
686797,12,-0.0513142216111,13,0.0655675778911,True,0.560522753221,0.473987780989,0.636904761905,2026-06-17
686948,11,-0.0624615930125,13,-0.0682795233651,True,0.560522753221,0.473987780989,0.636904761905,2026-06-17
687093,13,-0.0369631616453,14,0.0454260338042,True,0.560522753221,0.473987780989,0.636904761905,2026-06-17
687221,5,0.0576205609928,6,-0.036084648924,False,0.560522753221,0.473987780989,0.636904761905,2026-06-17
687231,11,-0.029240793669,4,0.152530095508,False,0.560522753221,0.473987780989,0.636904761905,2026-06-17
687263,25,0.06502522128,18,0.0477670365793,True,0.560522753221,0.473987780989,0.636904761905,2026-06-17
687282,1,-0.00105461025647,7,0.297306685774,False,0.560522753221,0.473987780989,0.636904761905,2026-06-17
687401,14,-0.0582722842025,13,0.00555888683679,True,0.560522753221,0.473987780989,0.636904761905,2026-06-17
687462,24,-0.0667075953101,10,0.0188129231033,True,0.560522753221,0.473987780989,0.636904761905,2026-06-17
687515,2,0.0434242302417,1,0.0298843616994,False,0.560522753221,0.473987780989,0.636904761905,2026-06-17
687551,8,0.0686545450804,18,0.00838854647287,False,0.560522753221,0.473987780989,0.636904761905,2026-06-17
687597,9,0.0260732359422,5,-0.0296670222073,False,0.560522753221,0.473987780989,0.636904761905,2026-06-17
687637,8,-0.111902947399,15,-0.0339889426588,False,0.560522753221,0.473987780989,0.636904761905,2026-06-17
687749,2,-0.0304764811477,5,0.00218432409994,False,0.560522753221,0.473987780989,0.636904761905,2026-06-17
687859,14,-0.0549951399713,1,-0.0421185856512,False,0.560522753221,0.473987780989,0.636904761905,2026-06-17
687957,4,-0.0508897201688,4,-0.0368248132745,False,0.560522753221,0.473987780989,0.636904761905,2026-06-17
688363,11,-0.0594532099466,4,-0.00495667025874,False,0.560522753221,0.473987780989,0.636904761905,2026-06-17
689414,18,-0.0183330702792,14,0.0471227459604,True,0.560522753221,0.473987780989,0.636904761905,2026-06-17
690924,2,-0.0598617457279,4,0.0243527939719,False,0.560522753221,0.473987780989,0.636904761905,2026-06-17
690976,18,-0.0873398074091,10,-0.00346969306092,True,0.560522753221,0.473987780989,0.636904761905,2026-06-17
690984,2,-0.0299062237817,7,-0.0558484579941,False,0.560522753221,0.473987780989,0.636904761905,2026-06-17
690993,12,-0.0775442305016,20,0.147885401429,True,0.560522753221,0.473987780989,0.636904761905,2026-06-17
691011,3,-0.00342352470717,4,0.0768041683535,False,0.560522753221,0.473987780989,0.636904761905,2026-06-17
691016,18,-0.0472771211807,11,-0.0195637918699,True,0.560522753221,0.473987780989,0.636904761905,2026-06-17
691023,15,-0.0708494308226,19,0.0734343764888,True,0.560522753221,0.473987780989,0.636904761905,2026-06-17
691026,28,-0.0519924414147,14,-0.00619694847886,True,0.560522753221,0.473987780989,0.636904761905,2026-06-17
691176,4,-0.0431105658286,10,0.0442598459735,False,0.560522753221,0.473987780989,0.636904761905,2026-06-17
691406,21,-0.0455221071967,23,0.0590317598852,True,0.560522753221,0.473987780989,0.636904761905,2026-06-17
691458,2,-0.0652166906531,6,-0.0299554269319,False,0.560522753221,0.473987780989,0.636904761905,2026-06-17
691594,3,-0.0167550607703,20,-0.0237102611972,False,0.560522753221,0.473987780989,0.636904761905,2026-06-17
691718,5,-0.00330796265013,19,0.108168193151,False,0.560522753221,0.473987780989,0.636904761905,2026-06-17
691720,25,-0.0667038248529,18,0.0232110968969,True,0.560522753221,0.473987780989,0.636904761905,2026-06-17
691723,20,-0.0623409479595,18,0.0682902871685,True,0.560522753221,0.473987780989,0.636904761905,2026-06-17
691740,4,0.0131875993156,5,-0.057483338577,False,0.560522753221,0.473987780989,0.636904761905,2026-06-17
691777,7,-0.027078529326,14,-0.0638598388502,False,0.560522753221,0.473987780989,0.636904761905,2026-06-17
691781,14,-0.057094300414,4,0.0628706286768,False,0.560522753221,0.473987780989,0.636904761905,2026-06-17
691783,3,-0.0515150961372,8,-0.133250968201,False,0.560522753221,0.473987780989,0.636904761905,2026-06-17
691785,13,-0.0579361645553,3,-0.00187387473524,False,0.560522753221,0.473987780989,0.636904761905,2026-06-17
691788,9,-0.119794057884,9,0.015492351983,False,0.560522753221,0.473987780989,0.636904761905,2026-06-17
693304,14,-0.00737755699255,22,0.0188456540959,True,0.560522753221,0.473987780989,0.636904761905,2026-06-17
693307,20,0.0599537686138,20,-0.0712247783886,True,0.560522753221,0.473987780989,0.636904761905,2026-06-17
693409,1,-0.00947524051717,2,0.0464022018174,False,0.560522753221,0.473987780989,0.636904761905,2026-06-17
694192,11,-0.0882227079822,20,-0.0989300019455,True,0.560522753221,0.473987780989,0.636904761905,2026-06-17
694203,4,0.00720257088449,5,-0.0391530625723,False,0.560522753221,0.473987780989,0.636904761905,2026-06-17
694208,9,0.00234967877136,6,-0.0208076800837,False,0.560522753221,0.473987780989,0.636904761905,2026-06-17
694212,15,0.14554226774,4,0.0227440535535,False,0.560522753221,0.473987780989,0.636904761905,2026-06-17
694249,3,-0.0336358654757,16,0.246021143381,False,0.560522753221,0.473987780989,0.636904761905,2026-06-17
694362,8,0.0327218682882,1,0.0698587563266,False,0.560522753221,0.473987780989,0.636904761905,2026-06-17
694371,5,-0.0379056962974,5,-0.0446243212259,False,0.560522753221,0.473987780989,0.636904761905,2026-06-17
694374,8,0.000860142497832,16,-0.108249977693,False,0.560522753221,0.473987780989,0.636904761905,2026-06-17
694376,3,0.0257810980992,3,-0.0250805972595,False,0.560522753221,0.473987780989,0.636904761905,2026-06-17
694377,9,-0.0456921093975,2,-0.0299001670881,False,0.560522753221,0.473987780989,0.636904761905,2026-06-17
694378,2,-0.0110957418789,5,-0.0364586283024,False,0.560522753221,0.473987780989,0.636904761905,2026-06-17
694384,15,0.126146223721,24,0.271804009427,True,0.560522753221,0.473987780989,0.636904761905,2026-06-17
694388,6,-0.0647013596643,2,0.0392228140165,False,0.560522753221,0.473987780989,0.636904761905,2026-06-17
694410,2,-0.0338276993125,3,-0.0436316389027,False,0.560522753221,0.473987780989,0.636904761905,2026-06-17
694497,20,-0.0955360586454,18,-0.0695048530184,True,0.560522753221,0.473987780989,0.636904761905,2026-06-17
694514,5,0.00120802033055,1,-0.000959741431194,False,0.560522753221,0.473987780989,0.636904761905,2026-06-17
694671,17,0.0241996049632,19,0.100216193743,True,0.560522753221,0.473987780989,0.636904761905,2026-06-17
694728,12,-0.0473778596533,4,-0.0242197753391,False,0.560522753221,0.473987780989,0.636904761905,2026-06-17
695238,4,-0.0654883651418,2,-0.031742140096,False,0.560522753221,0.473987780989,0.636904761905,2026-06-17
695490,2,-0.0217257508733,2,-0.02921003637,False,0.560522753221,0.473987780989,0.636904761905,2026-06-17
695506,9,-0.0813005417036,10,0.0261096482665,False,0.560522753221,0.473987780989,0.636904761905,2026-06-17
695578,22,-0.0288018224942,18,-0.0139200995353,True,0.560522753221,0.473987780989,0.636904761905,2026-06-17
695600,19,-0.0480520524068,25,-0.0383834057705,True,0.560522753221,0.473987780989,0.636904761905,2026-06-17
695657,9,-0.0277644586832,11,-0.0850811537501,False,0.560522753221,0.473987780989,0.636904761905,2026-06-17
695731,4,-0.0597607968961,18,0.0016950862082,False,0.560522753221,0.473987780989,0.636904761905,2026-06-17
695734,18,-0.0365992693905,12,-0.0508476723031,True,0.560522753221,0.473987780989,0.636904761905,2026-06-17
696030,12,0.0360113148802,7,0.0208714232538,False,0.560522753221,0.473987780989,0.636904761905,2026-06-17
696100,13,-0.030445439201,13,0.0348051650012,True,0.560522753221,0.473987780989,0.636904761905,2026-06-17
696285,25,-0.0394172419781,22,-0.0842771892061,True,0.560522753221,0.473987780989,0.636904761905,2026-06-17
699013,1,-0.0752409312303,27,0.0970244196976,False,0.560522753221,0.473987780989,0.636904761905,2026-06-17
699625,4,-0.0327266930839,5,-0.0502301936166,False,0.560522753221,0.473987780989,0.636904761905,2026-06-17
699912,11,-0.0429097413468,4,-0.0455418172924,False,0.560522753221,0.473987780989,0.636904761905,2026-06-17
700246,1,-0.00375531782264,1,-0.00623591733234,False,0.560522753221,0.473987780989,0.636904761905,2026-06-17
700250,17,-0.0195804361592,18,0.167743903977,True,0.560522753221,0.473987780989,0.636904761905,2026-06-17
700337,9,-0.0488712199156,3,-0.0155062388886,False,0.560522753221,0.473987780989,0.636904761905,2026-06-17
700932,12,-0.00937667185208,5,-0.0742786953286,False,0.560522753221,0.473987780989,0.636904761905,2026-06-17
701350,6,0.00643902585659,2,-0.0252017211805,False,0.560522753221,0.473987780989,0.636904761905,2026-06-17
701358,15,0.161967398294,12,0.0519285454666,True,0.560522753221,0.473987780989,0.636904761905,2026-06-17
701398,32,0.233810770213,17,0.16085460535,True,0.560522753221,0.473987780989,0.636904761905,2026-06-17
701538,8,-0.0181966044674,12,-0.0210383479768,False,0.560522753221,0.473987780989,0.636904761905,2026-06-17
701675,9,-0.0845610593221,10,-0.0481314991561,False,0.560522753221,0.473987780989,0.636904761905,2026-06-17
701678,10,-0.033273809214,11,0.0169987370947,True,0.560522753221,0.473987780989,0.636904761905,2026-06-17
701762,33,-0.0270632402384,6,-0.0216163769329,False,0.560522753221,0.473987780989,0.636904761905,2026-06-17
701807,15,-0.0113920965668,18,-0.0316899074905,True,0.560522753221,0.473987780989,0.636904761905,2026-06-17
702222,12,-0.0463077084866,8,0.0189349439027,False,0.560522753221,0.473987780989,0.636904761905,2026-06-17
702284,14,-0.042816686579,25,-0.0125074231588,True,0.560522753221,0.473987780989,0.636904761905,2026-06-17
702332,15,0.0640764525153,23,0.149181817244,True,0.560522753221,0.473987780989,0.636904761905,2026-06-17
702616,8,-0.066096697901,11,-0.0019495415039,False,0.560522753221,0.473987780989,0.636904761905,2026-06-17
703607,6,0.00836275266063,21,0.0331001766087,False,0.560522753221,0.473987780989,0.636904761905,2026-06-17
800050,13,0.0373515869554,18,-0.00502783272086,True,0.560522753221,0.473987780989,0.636904761905,2026-06-17
802139,18,-0.0124902325636,24,-0.0321761758369,True,0.560522753221,0.473987780989,0.636904761905,2026-06-17
802415,16,-0.128245243559,11,-0.0534795290479,True,0.560522753221,0.473987780989,0.636904761905,2026-06-17
803011,18,0.0494760359183,19,0.0963226702515,True,0.560522753221,0.473987780989,0.636904761905,2026-06-17
804606,8,0.00425777619558,1,-0.00797044004942,False,0.560522753221,0.473987780989,0.636904761905,2026-06-17
805300,19,0.00980226697232,18,-0.06926992846,True,0.560522753221,0.473987780989,0.636904761905,2026-06-17
805367,32,-0.0075026376107,28,-0.0696702774942,True,0.560522753221,0.473987780989,0.636904761905,2026-06-17
805779,16,-0.0332752121456,6,-0.0471602215734,False,0.560522753221,0.473987780989,0.636904761905,2026-06-17
805808,32,0.0678327645748,19,0.0994893172692,True,0.560522753221,0.473987780989,0.636904761905,2026-06-17
805811,16,0.0354011423804,17,0.0903963921678,True,0.560522753221,0.473987780989,0.636904761905,2026-06-17
805999,13,0.0210177642832,22,0.0913091618834,True,0.560522753221,0.473987780989,0.636904761905,2026-06-17
806068,1,0.0674409266484,6,-0.0569917285015,False,0.560522753221,0.473987780989,0.636904761905,2026-06-17
807712,19,0.0957651046279,29,0.0698417326638,True,0.560522753221,0.473987780989,0.636904761905,2026-06-17
807713,8,0.000773819496598,4,-0.0214429853172,False,0.560522753221,0.473987780989,0.636904761905,2026-06-17
807727,2,0.0147592529505,2,-0.00793658984424,False,0.560522753221,0.473987780989,0.636904761905,2026-06-17
807799,8,0.00138757683973,10,-0.0457786142869,False,0.560522753221,0.473987780989,0.636904761905,2026-06-17
808959,21,0.119928012414,13,0.158383347035,True,0.560522753221,0.473987780989,0.636904761905,2026-06-17
808982,23,0.0296138997092,18,-0.0623040809584,True,0.560522753221,0.473987780989,0.636904761905,2026-06-17
810938,17,-0.077643711197,10,0.00490959236712,True,0.560522753221,0.473987780989,0.636904761905,2026-06-17
813841,2,-0.0356628066082,7,-0.0290437720187,False,0.560522753221,0.473987780989,0.636904761905,2026-06-17
814439,9,-0.00387788800154,13,-0.0450542094851,False,0.560522753221,0.473987780989,0.636904761905,2026-06-17
823550,6,-0.043771313953,5,0.0693392161471,False,0.560522753221,0.473987780989,0.636904761905,2026-06-17
