claim,status,supporting_artifact,population,metric,limitations,allowed_wording,prohibited_overstated_wording
Historical batter recognition behavior contains future predictive information beyond measured opportunity characteristics.,SUPPORTED,temporal_holdout_metrics.csv,Final temporal holdout,"Delta log loss, Brier, ROC AUC",One frozen season; observational,Historical batter recognition behavior contains information about future recognition beyond measured opportunity characteristics.,Batter identity proves innate recognition skill.
Some batters show different observed recognition behavior.,SUPPORTED,complete_batter_results.csv,All observed batters,Shrinkage-adjusted effect and interval,Unequal support and residual confounding,Some batters appear to recognize eligible misses more often than others in this snapshot.,The ranking is ground truth.
Batter differences remain after opportunity adjustment.,SUPPORTED,complete_batter_results.csv,Frozen Sprint 3 opportunities,Observed minus expected; posterior effect,Depends on accepted Model C,Differences remain after controlling for accepted geometry and situation variables.,Adjustment controls every relevant influence.
Recognition differences show temporal stability.,SUPPORTED,split_half_stability_statistics.csv,Batters supported in both ordered halves,Spearman/Pearson with bootstrap intervals,"Moderate, not deterministic, stability",Adjusted recognition differences show moderate season-to-date stability.,Recognition is perfectly persistent.
Raw challenge rate is not adjusted recognition.,SUPPORTED,raw_vs_adjusted_comparison.csv,Ranking-eligible batters,Raw versus adjusted rank,Both remain estimates,Opportunity adjustment changes some batter standings.,Raw challenge rate measures recognition skill.
An adjusted leaderboard is sufficiently supported for publication validation.,SUPPORTED,decision_gates.json,Ranking-eligible batters,"Prospective, stability, sensitivity, support gates",Ranks with overlapping intervals are not meaningfully distinct,The evidence supports taking an adjusted leaderboard to publication validation.,Each adjacent numeric rank is meaningfully different.
Recognition is a skill.,NOT_SUPPORTED_OR_REQUIRES_QUALIFICATION,claims_matrix.csv,Not directly identified,No direct mechanism metric,Identity effects and repeatability do not establish mechanism,Observed recognition behavior has a repeatable batter-specific component.,Recognition is proven to be an innate skill.
Recognition is persistent.,NOT_SUPPORTED_OR_REQUIRES_QUALIFICATION,split_half_stability_statistics.csv,"One season, ordered halves",Correlation and interval,Does not establish multi-season persistence,Recognition differences were moderately repeatable within the observed season.,Recognition is persistent or a permanent player trait.
"Batter recognition differences are caused by vision, experience, approach, coaching, confidence, or cognitive ability.",NOT_SUPPORTED_OR_REQUIRES_QUALIFICATION,claims_matrix.csv,No causal population,Not tested,Mechanisms are hypotheses only,The analysis does not identify why batter differences exist.,Vision or experience causes the measured effect.
