batter_id,batter_name,opportunities,raw_recognition_rate,expected_recognition_rate,adjusted_effect,uncertainty_lower,uncertainty_upper,uncertainty_width,rank_eligible
547180,Bryce Harper,31,0.677419354839,0.206254723471,0.366682770568,0.223057591853,0.502491251722,0.27943365987,True
668901,Mark Vientos,21,0.619047619048,0.181785857651,0.29632701306,0.138733761978,0.462992920633,0.324259158655,False
676914,Davis Schneider,22,0.590909090909,0.181276782291,0.285867794954,0.125061287145,0.451666695806,0.326605408661,False
596142,Gary Sánchez,24,0.583333333333,0.210888648091,0.266013776174,0.11561862304,0.417645406903,0.302026783863,False
676609,José Caballero,32,0.53125,0.194046815193,0.258689188093,0.123642322081,0.401018554854,0.277376232773,True
694384,Nolan Schanuel,39,0.512820512821,0.192092141501,0.256130829049,0.130520525904,0.387471142492,0.256950616588,True
701398,Sal Stewart,49,0.551020408163,0.262480848845,0.242390868294,0.127913963853,0.357767850253,0.2298538864,True
514888,Jose Altuve,43,0.46511627907,0.210753733956,0.203889914103,0.0899492416948,0.327280939696,0.237331698001,True
665923,Esteury Ruiz,22,0.545454545455,0.263382934406,0.197655061806,0.0439682941648,0.355083903113,0.311115608948,False
808959,Munetaka Murakami,34,0.411764705882,0.185305839751,0.17189943721,0.0490367331738,0.309495339717,0.260458606544,True
572233,Christian Walker,27,0.407407407407,0.16560130664,0.168702124237,0.0417450820383,0.318055890675,0.276310808637,False
668709,JJ Bleday,31,0.483870967742,0.280315112657,0.15481387382,0.0228654536116,0.295117929449,0.272252475838,True
668885,Austin Martin,24,0.416666666667,0.191297863365,0.154173163253,0.0190183790382,0.310697382716,0.291679003678,False
606192,Teoscar Hernández,27,0.407407407407,0.191518253199,0.153752673042,0.0217269441371,0.305416489315,0.283689545178,False
701358,Cam Smith,27,0.37037037037,0.159826990508,0.145778980868,0.0212886632054,0.300195136977,0.278906473772,False
671218,Heliot Ramos,25,0.4,0.191185650767,0.142753790344,0.0143631250579,0.292536891967,0.278173766909,False
702332,Caleb Durbin,38,0.394736842105,0.215362913254,0.139016281313,0.0246695218947,0.270924368153,0.246254846258,True
605137,Josh Bell,30,0.4,0.21495088701,0.138215292243,0.00716208108231,0.287267801233,0.28010572015,True
676391,Ernie Clement,24,0.333333333333,0.128077479949,0.132576946108,0.0100958306438,0.292300510819,0.282204680175,False
542303,Marcell Ozuna,33,0.363636363636,0.181697928905,0.132160054393,0.0193003550127,0.269467623465,0.250167268452,True
671732,Lawrence Butler,28,0.392857142857,0.210172704893,0.129325440559,0.00629481491955,0.273757882058,0.267463067138,False
665862,Jazz Chisholm Jr.,21,0.380952380952,0.178961280487,0.127741599212,-0.00377519365472,0.292620892933,0.296396086588,False
664702,Myles Straw,24,0.375,0.180703931131,0.125288078775,0.00529950585653,0.274055079753,0.268755573896,False
682626,Francisco Alvarez,29,0.344827586207,0.171705152015,0.12212927427,0.00196090326635,0.269705339172,0.267744435906,False
679845,Nick Loftin,29,0.344827586207,0.166753717863,0.121573652647,0.0105626675201,0.259376887904,0.248814220384,False
682928,CJ Abrams,34,0.352941176471,0.199461343128,0.113544155795,0,0.244626595638,0.244626595638,True
521692,Salvador Perez,26,0.307692307692,0.132859264905,0.11338089455,0.00161723943682,0.259502542951,0.257885303514,False
663728,Cal Raleigh,25,0.48,0.322946556281,0.113268108558,-0.0258891380449,0.255369212072,0.281258350117,False
665742,Juan Soto,27,0.37037037037,0.208407976838,0.111148206968,-0.00791026267722,0.253861729316,0.261771991993,False
543760,Marcus Semien,27,0.333333333333,0.170349079947,0.110640311519,-0.00741830971786,0.259495839868,0.266914149586,False
686555,Isaac Collins,35,0.314285714286,0.170285927637,0.105718979743,-0.00385750343025,0.239982294012,0.243839797442,True
670764,Taylor Walls,24,0.333333333333,0.172700012781,0.105105562924,-0.016719412967,0.258664265876,0.275383678843,False
805808,Kevin McGonigle,51,0.352941176471,0.231394255578,0.0985154719361,0,0.206415093616,0.206415093616,True
807712,Luke Keaschall,48,0.333333333333,0.210558489975,0.0980849197064,-0.00213123132966,0.211240570828,0.213371802158,True
592518,Manny Machado,32,0.3125,0.173243686382,0.0980100871153,-0.00908060217899,0.230229481531,0.23931008371,True
663538,Nico Hoerner,35,0.314285714286,0.182226105053,0.0975173131082,-0.0120432632783,0.231689941409,0.243733204687,True
607208,Trea Turner,31,0.322580645161,0.186959124462,0.0959442894723,-0.0153734314489,0.234143959253,0.249517390702,True
593428,Xander Bogaerts,55,0.327272727273,0.214179091628,0.0932230113408,-0.00449540938319,0.205816888186,0.21031229757,True
700250,Ben Rice,35,0.314285714286,0.187249672606,0.0926569054787,-0.0134607242877,0.221680386473,0.23514111076,True
691718,Pete Crow-Armstrong,24,0.375,0.235195110578,0.0925480028096,-0.0303686531429,0.235931693168,0.266300346311,False
803011,Sam Antonacci,37,0.324324324324,0.202399034291,0.0919704904474,-0.0168973932676,0.223034291264,0.239931684531,True
686765,Nick Sogard,25,0.36,0.2332877977,0.0835250798038,-0.0344833662502,0.22899874994,0.263482116191,False
656555,Rhys Hoskins,20,0.35,0.21887663231,0.0824078655294,-0.0494046760553,0.247953309158,0.297357985213,False
500743,Miguel Rojas,20,0.3,0.161585877275,0.0820104228992,-0.0371739541873,0.242434388198,0.279608342386,False
656775,Cedric Mullins,32,0.3125,0.19765610497,0.0812105386204,-0.0266229449082,0.213693319054,0.240316263962,True
694671,Wyatt Langford,36,0.277777777778,0.162675915805,0.0810570470085,-0.0147988861534,0.202176111062,0.216974997216,True
805811,Bryce Eldridge,33,0.393939393939,0.286676655087,0.0799694632533,-0.0368778291653,0.213160748547,0.250038577712,True
805999,A.J. Ewing,35,0.342857142857,0.234699343757,0.0792629528465,-0.0282465114214,0.207539113663,0.235785625084,True
672695,Geraldo Perdomo,53,0.301886792453,0.209703862078,0.0740264578732,-0.0186646954687,0.182431524613,0.201096220082,True
672580,Maikel Garcia,39,0.307692307692,0.210071797295,0.0737802899142,-0.031328163671,0.200106287719,0.23143445139,True
699013,Esmerlyn Valdez,28,0.321428571429,0.21372040393,0.0737697939532,-0.0412125264263,0.21625723009,0.257469756516,False
687263,Zach Neto,43,0.279069767442,0.180618382399,0.0729737394199,-0.0189576319692,0.186742865669,0.205700497639,True
672386,Alejandro Kirk,20,0.3,0.179975849737,0.0714939674716,-0.0493850727945,0.23155500384,0.280940076634,False
672515,Gabriel Moreno,49,0.265306122449,0.173766355186,0.0703289558465,-0.0179182172952,0.180770773352,0.198688990647,True
671056,Iván Herrera,43,0.255813953488,0.160972252923,0.0694869486023,-0.0196841595298,0.181449965624,0.201134125154,True
608324,Alex Bregman,54,0.240740740741,0.15326579263,0.0672136130046,-0.0146189820808,0.171456508629,0.18607549071,True
647304,Josh Naylor,24,0.25,0.148156236757,0.0623348699071,-0.0447180908602,0.215015115926,0.259733206786,False
650489,Willi Castro,25,0.24,0.139144117637,0.0612666951199,-0.0401830733609,0.20530862241,0.245491695771,False
690993,Colt Keith,32,0.28125,0.193831965675,0.0604294025031,-0.0437587531074,0.188866605502,0.232625358609,True
656941,Kyle Schwarber,43,0.279069767442,0.201262896771,0.0585456930915,-0.0370062587607,0.176348236818,0.213354495578,True
656811,Ryan O'Hearn,25,0.32,0.234600122394,0.0564608194991,-0.0638779355603,0.205941595997,0.269819531558,False
681198,TJ Rumfield,27,0.259259259259,0.171574653278,0.0563680749045,-0.0492648230591,0.197023064771,0.24628788783,False
681624,Andy Pages,45,0.244444444444,0.173491872931,0.0521101645165,-0.03537966214,0.163318701902,0.198698364042,True
660670,Ronald Acuña Jr.,34,0.294117647059,0.221912023818,0.0515318921757,-0.0537009288683,0.178759097326,0.232460026194,True
665019,Kody Clemens,22,0.227272727273,0.136384939801,0.0504689875895,-0.0464243419227,0.19395540477,0.240379746692,False
664761,Alec Bohm,38,0.289473684211,0.223764608192,0.0480102173582,-0.0543463670112,0.169969077553,0.224315444564,True
665489,Vladimir Guerrero Jr.,36,0.222222222222,0.153789745337,0.0459884163112,-0.0427768337429,0.164770943569,0.207547777311,True
686681,Michael Massey,20,0.3,0.224983366027,0.04477676895,-0.0782977777998,0.203992658918,0.282290436718,False
605141,Mookie Betts,47,0.212765957447,0.150997296627,0.0446774837733,-0.0363378979811,0.153274798472,0.189612696453,True
666182,Bo Bichette,38,0.210526315789,0.145101632199,0.0441395935305,-0.0399411168675,0.158181037156,0.198122154023,True
687551,Drew Gilbert,26,0.269230769231,0.202257460059,0.0412866588173,-0.0623189405583,0.18113769661,0.243456637168,False
668804,Bryan Reynolds,38,0.289473684211,0.232463448465,0.0407284806588,-0.0570249684284,0.159116254371,0.216141222799,True
668227,Randy Arozarena,48,0.208333333333,0.154564182617,0.0389125368704,-0.0420767833151,0.146456295006,0.188533078321,True
660271,Shohei Ohtani,25,0.24,0.176749895744,0.0383067306988,-0.06632587095,0.183151644454,0.249477515404,False
670623,Isaac Paredes,46,0.239130434783,0.188328058584,0.0370744351468,-0.0497342689157,0.147410696982,0.197144965898,True
703607,Henry Bolte,27,0.222222222222,0.164854827994,0.0341246593433,-0.060747601299,0.166333818993,0.227081420292,False
683002,Gunnar Henderson,26,0.230769230769,0.173733412593,0.0339086871058,-0.0655652539997,0.172918600647,0.238483854647,False
663757,Trent Grisham,29,0.275862068966,0.233729120664,0.0273969579144,-0.0803092944297,0.16016225402,0.24047154845,False
677587,Brayan Rocchio,41,0.19512195122,0.154093604007,0.0266361547168,-0.0498683096163,0.130516908285,0.180385217902,True
575929,Willson Contreras,30,0.266666666667,0.231974477078,0.0220879694048,-0.0815653927872,0.150852185379,0.232417578166,True
800050,Chase DeLauter,31,0.225806451613,0.189879367829,0.0216892486173,-0.0732100324746,0.148763186409,0.221973218883,True
679529,Spencer Torkelson,48,0.208333333333,0.176866139036,0.0216770333719,-0.059712442769,0.126986714831,0.1866991576,True
683737,Michael Busch,32,0.1875,0.152246230433,0.0205089706363,-0.0637204927012,0.139542206011,0.203262698712,True
678882,Ceddanne Rafaela,28,0.214285714286,0.178828975253,0.0201261031752,-0.0741039478883,0.150179445598,0.224283393486,False
686527,Dominic Canzone,23,0.217391304348,0.179696566134,0.019998952684,-0.0776478238628,0.155441825155,0.233089649018,False
641933,Tyler O'Neill,28,0.214285714286,0.180351326997,0.0191067243007,-0.0686461816224,0.13434880333,0.202994984952,False
680869,Zack Gelof,29,0.275862068966,0.245608086136,0.0188412214111,-0.0912314896504,0.154948230409,0.24617972006,False
678246,Miguel Vargas,47,0.255319148936,0.229541860873,0.0180646147476,-0.0717055211348,0.129308689766,0.201014210901,True
689414,Liam Hicks,32,0.21875,0.189052192693,0.0173265565687,-0.0756064050605,0.145066770813,0.220673175874,True
642715,Willy Adames,34,0.205882352941,0.177934635442,0.0165310074589,-0.0734335931867,0.139377429388,0.212811022575,True
683953,Travis Bazzana,26,0.307692307692,0.28229216719,0.0155908321338,-0.104478965601,0.156193865444,0.260672831046,False
682998,Corbin Carroll,34,0.176470588235,0.148692435688,0.015341183911,-0.0668592662923,0.136263844185,0.203123110477,True
669477,Casey Schmitt,20,0.2,0.168292882878,0.0143877448547,-0.081789912503,0.157212752945,0.239002665448,False
691406,Junior Caminero,44,0.204545454545,0.186741969004,0.0106549193366,-0.0712905451663,0.117470664864,0.18876121003,True
693304,Nick Gonzales,36,0.194444444444,0.175855007565,0.0101020225099,-0.0747455626491,0.123789904249,0.198535466898,True
669394,Jake Burger,41,0.243902439024,0.227467148338,0.00998002406518,-0.0814787268008,0.124157860277,0.205636587078,True
687093,Vaughn Grissom,27,0.259259259259,0.240484564403,0.00988296280063,-0.0934392730376,0.142336300156,0.235775573194,False
673548,Seiya Suzuki,51,0.21568627451,0.200984395896,0.0088734093255,-0.0744364004796,0.114248361825,0.188684762305,True
677942,Blaze Alexander,25,0.2,0.182064648114,0.00773315252093,-0.0866314419584,0.140756414655,0.227387856613,False
621439,Byron Buxton,25,0.24,0.224102380407,0.00735651387939,-0.0996664273783,0.145052423186,0.244718850564,False
691023,Jordan Walker,34,0.205882352941,0.190916702549,0.00710389046014,-0.0838229766626,0.130170125953,0.213993102616,True
641857,Ryan McMahon,24,0.25,0.236831257891,0.00543144520837,-0.10484683634,0.148821078172,0.253667914512,False
680777,Ryan Jeffers,29,0.275862068966,0.265106719756,0.00492120558543,-0.108463215704,0.142071651794,0.250534867498,False
682985,Riley Greene,32,0.25,0.239419238215,0.0047481283639,-0.0985282721799,0.135299229281,0.233827501461,True
696100,Hunter Goodman,26,0.192307692308,0.178866144021,0.00466321772608,-0.0868685284552,0.137654159406,0.224522687861,False
643289,Mauricio Dubón,43,0.162790697674,0.152207674148,0.00446728011176,-0.0643158116055,0.101337716061,0.165653527667,True
592450,Aaron Judge,23,0.260869565217,0.252618311759,0.00240201514002,-0.104821859481,0.139484698634,0.244306558115,False
691723,Coby Mayo,38,0.263157894737,0.25651759914,0.0022128502672,-0.0932370277803,0.119580430816,0.212817458596,True
686797,Brooks Lee,25,0.16,0.149870270171,0.00190161918995,-0.0804287909181,0.129602546318,0.210031337236,False
608369,Corey Seager,25,0.2,0.191103256579,0.00139718349266,-0.0951188153816,0.140162930225,0.235281745607,False
666018,Jonathan Aranda,43,0.209302325581,0.204462869738,0.00035356044363,-0.0866694022199,0.113284699728,0.199954101948,True
667472,Dane Myers,25,0.2,0.195593395153,-0.00137237974489,-0.0946402987672,0.13376732531,0.228407624077,False
571448,Nolan Arenado,38,0.210526315789,0.208314451435,-0.00148627930724,-0.0867491719779,0.111047459167,0.197796631145,True
665750,Leody Taveras,32,0.25,0.247565274933,-0.00174285947422,-0.103554565802,0.130588547255,0.234143113056,True
665926,Andrés Giménez,22,0.181818181818,0.178163241166,-0.00178124836459,-0.086684177677,0.126352907392,0.213037085069,False
681297,Colton Cowser,21,0.285714285714,0.285559545655,-0.00261870550643,-0.11743532094,0.139479647006,0.256914967947,False
662139,Daulton Varsho,28,0.178571428571,0.177536974218,-0.00351441942756,-0.0919735987095,0.123631529539,0.215605128249,False
683357,Owen Caissie,25,0.24,0.242185261077,-0.00498223621204,-0.103811549309,0.127674288539,0.231485837849,False
664983,Jake McCarthy,25,0.16,0.162291771644,-0.00582606372899,-0.0891571184381,0.121596220447,0.210753338886,False
663656,Kyle Tucker,28,0.214285714286,0.218303766359,-0.00673249779207,-0.100048813874,0.123008590345,0.223057404219,False
686469,Vinnie Pasquantino,23,0.173913043478,0.178595343024,-0.00748196627194,-0.0976799756256,0.129257040697,0.226937016323,False
701678,Hao-Yu Lee,21,0.142857142857,0.147585225433,-0.00772747420688,-0.0896357103608,0.130258941903,0.219894652264,False
680757,Steven Kwan,54,0.166666666667,0.175136804497,-0.0100103068494,-0.080998222293,0.08690737495,0.167905597243,True
693307,Dillon Dingler,40,0.175,0.18676404952,-0.0125657775895,-0.0925446265429,0.0975495151478,0.190094141691,True
669364,Xavier Edwards,51,0.176470588235,0.189037501461,-0.0126677993598,-0.0852285077077,0.0818022452566,0.167030752964,True
672724,Oswald Peraza,20,0.2,0.216184040579,-0.0139713167144,-0.115200545283,0.130392677679,0.245593222962,False
661388,William Contreras,44,0.136363636364,0.150408725785,-0.0141784038062,-0.0810350090983,0.0839414562645,0.164976465363,True
663968,Jake Mangum,22,0.181818181818,0.198850089809,-0.0146410551221,-0.110723178832,0.123421830393,0.234145009225,False
666126,Carlos Cortes,32,0.15625,0.172242770471,-0.0154794569291,-0.0955667861315,0.10261406455,0.198180850681,True
671277,Luis García Jr.,23,0.217391304348,0.235358710907,-0.0158657330147,-0.113292112461,0.125080499027,0.238372611488,False
663743,Nick Fortes,20,0.2,0.219447961605,-0.0161545392484,-0.120837080181,0.131215882181,0.252052962362,False
685133,Wade Meckler,25,0.2,0.221205217746,-0.0169019207879,-0.109982847679,0.10941549886,0.219398346538,False
681393,Connor Norby,23,0.173913043478,0.194428423492,-0.017450593713,-0.107341637364,0.118092332302,0.225433969667,False
808982,Jung Hoo Lee,41,0.121951219512,0.14904436262,-0.0232068807915,-0.0874518463316,0.0746570751489,0.16210892148,True
702222,Justin Crawford,20,0.15,0.18176276103,-0.0233096002722,-0.111731323123,0.11500502147,0.226736344593,False
641343,Jake Bauers,43,0.186046511628,0.212977970437,-0.0242564998831,-0.105071978132,0.0831313867827,0.188203364915,True
682657,Angel Martínez,22,0.136363636364,0.172157953973,-0.0246699507464,-0.1039497298,0.0974936318412,0.201443361642,False
676475,Alec Burleson,37,0.135135135135,0.1652076674,-0.0247563646623,-0.0923097735679,0.0778246999313,0.170134473499,True
669065,Kyle Stowers,25,0.16,0.190816144079,-0.0253862690624,-0.114718912103,0.112606574864,0.227325486967,False
701807,Carson Benge,33,0.181818181818,0.21157238621,-0.0258543177302,-0.115300519732,0.0973800405434,0.212680560275,True
666969,Adolis García,21,0.190476190476,0.224818588833,-0.0259208296058,-0.126923840066,0.119597774747,0.246521614813,False
695578,James Wood,40,0.175,0.205365051354,-0.0259306667804,-0.105552944938,0.0793989771647,0.184951922103,True
646240,Rafael Devers,22,0.136363636364,0.174009122273,-0.0262444937964,-0.107468339674,0.100321825383,0.207790165057,False
701538,Jackson Merrill,20,0.15,0.189481126418,-0.0265813468161,-0.113527649918,0.105142442279,0.218670092197,False
682829,Elly De La Cruz,41,0.170731707317,0.20056842019,-0.0266768356299,-0.105489199955,0.0839955999329,0.189484799888,True
650402,Gleyber Torres,38,0.131578947368,0.164202717725,-0.0273570005775,-0.0972394407646,0.0777422942622,0.174981735027,True
677951,Bobby Witt Jr.,42,0.142857142857,0.177304023173,-0.0275828825824,-0.0944665951049,0.0640858915385,0.158552486643,True
802139,JJ Wetherholt,42,0.119047619048,0.152652121348,-0.0281196212048,-0.0915874728649,0.0692982141112,0.160885686976,True
518692,Freddie Freeman,35,0.142857142857,0.177545314968,-0.0285349299614,-0.102234985615,0.0822729033447,0.18450788896,True
701762,Nick Kurtz,39,0.230769230769,0.26620812999,-0.0296100213949,-0.119819666197,0.0823892992704,0.202208965467,True
695731,Braden Montgomery,22,0.227272727273,0.266827254455,-0.0297458625475,-0.140922400524,0.116411195054,0.257333595578,False
606466,Ketel Marte,34,0.147058823529,0.183681926894,-0.0302150802667,-0.10724044733,0.0836465346427,0.190886981973,True
691594,Javier Sanoja,23,0.130434782609,0.173274098815,-0.0303320152714,-0.110052099381,0.0951011861453,0.205153285526,False
645277,Ozzie Albies,28,0.142857142857,0.182251627679,-0.0303540400863,-0.109270635318,0.0911579521254,0.200428587443,False
702284,Cole Young,39,0.153846153846,0.191240323744,-0.0311860621655,-0.105909583632,0.0743976279547,0.180307211587,True
680776,Jarren Duran,25,0.16,0.201405425937,-0.0315221285149,-0.119041486581,0.0995881878959,0.218629674477,False
805300,Jakob Marsee,37,0.189189189189,0.227956423025,-0.032731567774,-0.119729218866,0.0828083340115,0.202537552877,True
672640,Otto Lopez,52,0.153846153846,0.191655684059,-0.0328845019681,-0.102637723972,0.0593567499877,0.16199447396,True
676439,Hunter Feduccia,20,0.2,0.245239973163,-0.033641225523,-0.142717560091,0.121764170314,0.264481730405,False
691720,Kyle Karros,43,0.209302325581,0.24957626554,-0.0338058259123,-0.119378090629,0.0709561663707,0.190334257,True
621493,Taylor Ward,51,0.156862745098,0.196324153088,-0.0339783010477,-0.102984629956,0.0589648798713,0.161949509828,True
687401,Joey Ortiz,27,0.111111111111,0.158622918715,-0.034140075377,-0.104212464006,0.0794738418761,0.183686305883,False
607043,Brandon Nimmo,27,0.111111111111,0.16113605253,-0.035183007394,-0.105011575281,0.0774504337293,0.18246200901,False
814439,Ryan Waldschmidt,22,0.272727272727,0.321346129289,-0.0356053699654,-0.154747235808,0.110649980978,0.265397216786,False
656305,Matt Chapman,25,0.16,0.210687174236,-0.0360531100643,-0.120626985732,0.086420961041,0.207047946773,False
686611,Dylan Crews,23,0.173913043478,0.229772877609,-0.0394328293158,-0.13125334373,0.0929512865545,0.224204630285,False
677649,Ezequiel Duran,32,0.09375,0.148030478184,-0.0397742975576,-0.101554424282,0.0644549493199,0.166009373602,True
663886,Tyler Stephenson,31,0.193548387097,0.244803675529,-0.0416917914265,-0.136850373798,0.0896096627961,0.226460036594,True
687462,Spencer Horwitz,34,0.117647058824,0.174779297091,-0.0422700778834,-0.10786619047,0.0579894149112,0.165855605381,True
678662,Ezequiel Tovar,28,0.107142857143,0.166603497269,-0.0422840503277,-0.112074599852,0.0690616984036,0.181136298256,False
657041,Lane Thomas,32,0.125,0.180865479945,-0.0434293827129,-0.117349719007,0.0724919593139,0.189841678321,True
691016,Tyler Soderstrom,29,0.137931034483,0.195447190494,-0.0441887996141,-0.124185291359,0.0783696448418,0.2025549362,False
691026,Masyn Winn,42,0.142857142857,0.19864698235,-0.0445106038011,-0.114402319386,0.0527154819744,0.167117801361,True
650333,Luis Arraez,42,0.0714285714286,0.134208171896,-0.0463612683602,-0.0956385218769,0.0362810328045,0.131919554681,True
672275,Patrick Bailey,20,0.15,0.217594673278,-0.0463893311022,-0.141515160758,0.0992696716153,0.240784832374,False
676356,Jonny DeLuca,24,0.166666666667,0.232514547996,-0.0473908358504,-0.139315073477,0.0872419842452,0.226557057722,False
668715,Spencer Steer,28,0.142857142857,0.209524567913,-0.0479445284699,-0.128484804773,0.0688020084629,0.197286813236,False
805367,Chase Meidroth,60,0.0666666666667,0.126635422001,-0.0481138486338,-0.0904318189492,0.0216834911621,0.112115310111,True
650859,Luis Rengifo,22,0.0909090909091,0.168433733533,-0.0495606850581,-0.119808055755,0.0709274827389,0.190735538494,False
668930,Brice Turang,31,0.0967741935484,0.166738099454,-0.0503707481372,-0.114992106477,0.0564370030331,0.17142910951,True
665487,Fernando Tatis Jr.,30,0.133333333333,0.201902328234,-0.0509121518152,-0.128707107407,0.0642364146492,0.192943522056,True
695600,Carter Jensen,44,0.159090909091,0.221398738182,-0.0513479889752,-0.127381823273,0.0514402822027,0.178822105475,True
670042,Luke Raley,21,0.142857142857,0.218499130616,-0.0522874854222,-0.144121679366,0.089582177425,0.233703856791,False
805779,Jacob Wilson,22,0.0909090909091,0.173469369117,-0.0535797149773,-0.125109854039,0.0712121362404,0.196321990279,False
683083,Nasim Nuñez,37,0.0810810810811,0.15334159399,-0.0536171296776,-0.10979060701,0.0418685018279,0.151659108838,True
664023,Ian Happ,41,0.121951219512,0.194675235561,-0.0556767180475,-0.119852129218,0.0381572744854,0.158009403704,True
673962,Josh Jung,29,0.137931034483,0.212314713397,-0.0558838322618,-0.137161999957,0.0663177052021,0.203479705159,False
810938,Ben Williamson,27,0.111111111111,0.192988052972,-0.0563707215887,-0.129636747748,0.057658102251,0.187294849999,False
669016,Brandon Marsh,26,0.0769230769231,0.161298093819,-0.0565177997871,-0.119084093498,0.0551512688796,0.174235362377,False
657757,Gavin Sheets,33,0.0606060606061,0.145477117933,-0.0580444142805,-0.109575492257,0.0349793776145,0.144554869872,True
695734,Daylen Lile,30,0.0666666666667,0.151631240209,-0.0583950842876,-0.114610172852,0.0445205566426,0.159130729495,True
676724,Jared Young,20,0.1,0.192437783943,-0.0584689855398,-0.137425557507,0.0738214774,0.211247034907,False
668904,Royce Lewis,28,0.107142857143,0.198433139272,-0.0625581686867,-0.13306457803,0.0458005592005,0.17886513723,False
663993,Nathaniel Lowe,33,0.0909090909091,0.176424759761,-0.063130119069,-0.126929631798,0.0419647502819,0.16889438208,True
624413,Pete Alonso,64,0.125,0.199033141741,-0.0633420241545,-0.122259485815,0.0170451836483,0.139304669463,True
670541,Yordan Alvarez,23,0.0434782608696,0.150236763518,-0.0638852324973,-0.118561418925,0.0431791995714,0.161740618497,False
608348,Carson Kelly,30,0.1,0.194024356097,-0.0649234994004,-0.130040953729,0.0392521513931,0.169293105122,True
691777,Max Muncy,21,0.0952380952381,0.197160282219,-0.0652499076634,-0.142475242935,0.0623347510264,0.204809993961,False
686217,Sal Frelick,25,0.08,0.178197998492,-0.0657707658317,-0.132606129604,0.0512150167578,0.183821146362,False
592663,J.T. Realmuto,29,0.0689655172414,0.168159839261,-0.0659004783538,-0.124044763146,0.0329944742243,0.157039237371,False
678554,Curtis Mead,32,0.09375,0.190029143929,-0.0667720786279,-0.130247349169,0.031163766931,0.1614111161,True
592885,Christian Yelich,41,0.146341463415,0.231239947342,-0.068100576694,-0.143136799033,0.0356369685528,0.178773767586,True
690976,Alex Freeland,28,0.107142857143,0.204355173364,-0.0681641350379,-0.141941673332,0.0440149439771,0.185956617309,False
677800,Wilyer Abreu,41,0.146341463415,0.235970224645,-0.0706316816048,-0.144472346049,0.0293526604513,0.173825006501,True
666176,Jo Adell,30,0.1,0.205529054061,-0.0713273574405,-0.138087943517,0.0291534226213,0.167241366138,True
696285,Jacob Young,47,0.106382978723,0.202090818678,-0.0739976327044,-0.132806438424,0.00958957323955,0.142396011663,True
605170,Victor Caratini,27,0.111111111111,0.218162969931,-0.0743856836566,-0.151024271418,0.0407938555855,0.191818127003,False
553993,Eugenio Suárez,44,0.113636363636,0.210736236174,-0.0762131045391,-0.140988429988,0.0170554034989,0.158043833487,True
677870,Leo Jiménez,24,0.0833333333333,0.205085010273,-0.0791548549375,-0.150436760706,0.037219937746,0.187656698452,False
663837,Matt Vierling,23,0.0434782608696,0.174228624779,-0.0799370158261,-0.138071304465,0.0289245090127,0.166995813478,False
695657,Colson Montgomery,20,0.1,0.235809169808,-0.0808149796146,-0.160236856152,0.0404802652653,0.200717121417,False
694374,Tim Tawa,24,0.0416666666667,0.176355868959,-0.0813036378667,-0.138280590111,0.021195320295,0.159475910406,False
543807,George Springer,36,0.111111111111,0.221617220928,-0.08136718606,-0.147761177912,0.016915174146,0.164676352058,True
680574,Matt McLain,50,0.12,0.220618671075,-0.0813986803019,-0.144937343596,0.00645455129957,0.151391894896,True
545121,Ildemaro Vargas,27,0.0740740740741,0.199731083645,-0.0822228537032,-0.147711583795,0.0219811001845,0.169692683979,False
687637,Dylan Beavers,23,0.0434782608696,0.178285089339,-0.082631944099,-0.14141902285,0.026972360013,0.168391382863,False
681351,Logan O'Hoppe,20,0.1,0.230242029131,-0.083412901915,-0.167301434441,0.0517533342742,0.219054768715,False
571970,Max Muncy,29,0.103448275862,0.228223392792,-0.085399162745,-0.158044789685,0.0204739683207,0.178518758005,False
665877,José Fermín,26,0.0769230769231,0.204784671981,-0.0855512528878,-0.153298199657,0.0265704489998,0.179868648657,False
669707,Jared Triolo,28,0.0714285714286,0.200941870979,-0.0857164048447,-0.149703605808,0.0159887896766,0.165692395484,False
686948,Drake Baldwin,24,0.0416666666667,0.179867800011,-0.0875642711474,-0.145310852153,0.0239663123603,0.169277164513,False
596019,Francisco Lindor,36,0,0.143888880499,-0.0909292724711,-0.124758809199,-0.02175674621,0.103002062989,True
680700,Richie Palacios,24,0.0833333333333,0.222997267211,-0.0920311463054,-0.166396531619,0.0270485863759,0.193445117995,False
681082,Bryson Stott,43,0.0697674418605,0.194012182493,-0.0932095943932,-0.146742731368,-0.00784465387131,0.138898077496,True
677594,Julio Rodríguez,37,0.0540540540541,0.185724062726,-0.0957074729826,-0.147814565476,-0.00415025874928,0.143664306727,True
668939,Adley Rutschman,25,0.08,0.226241257402,-0.0957721748508,-0.165772858205,0.0154028186233,0.181175676829,False
545361,Mike Trout,73,0.109589041096,0.22177863803,-0.0960027494331,-0.149218740086,-0.0227988743763,0.12641986571,True
664034,Ty France,26,0.0384615384615,0.193596115501,-0.0983050207335,-0.155351988942,0.00199609383085,0.157348082773,False
666152,David Hamilton,22,0.0454545454545,0.20655753636,-0.100027619161,-0.164889635679,0.0155416673958,0.180431303074,False
681715,Heriberto Hernández,42,0.0714285714286,0.20754272916,-0.101244948518,-0.156409085118,-0.0156829707302,0.140726114388,True
694497,Evan Carter,38,0.105263157895,0.240417068646,-0.101993299746,-0.168906878572,-0.00442589476432,0.164480983808,True
655316,Andruw Monasterio,29,0.0344827586207,0.195945106989,-0.107181876447,-0.160638222627,-0.0102472437058,0.150390978921,False
502671,Paul Goldschmidt,36,0.0277777777778,0.192826747191,-0.115225889617,-0.161525030336,-0.0309796772941,0.130545353042,True
650490,Yandy Díaz,51,0,0.162332256793,-0.115474455233,-0.14433346679,-0.057335654,0.0869978127898,True
608070,José Ramírez,34,0,0.181549404458,-0.116660545629,-0.156114405919,-0.041817631028,0.114296774891,True
694192,Jackson Chourio,31,0,0.186526170446,-0.119984552233,-0.161564423601,-0.037153442972,0.124410980629,True
672960,Kazuma Okamoto,45,0.0444444444444,0.208960873884,-0.12324489916,-0.170568814961,-0.0447810866664,0.125787728295,True
802415,Chandler Simpson,27,0,0.200910530689,-0.123273827831,-0.170636454236,-0.0352042291524,0.135432225084,False
664040,Brandon Lowe,33,0.030303030303,0.213197561038,-0.125159235714,-0.176699816024,-0.0372068138976,0.139493002126,True
669003,Garrett Mitchell,34,0.0588235294118,0.235554621729,-0.12583002022,-0.185305935571,-0.0316196026892,0.153686332881,True
683734,Andrew Vaughn,33,0,0.196410402524,-0.130741017813,-0.171680452759,-0.0495566441257,0.122123808633,True
663586,Austin Riley,34,0.0294117647059,0.224032388527,-0.135553772086,-0.186701802383,-0.0466589610736,0.140042841309,True
665833,Oneil Cruz,26,0.0384615384615,0.259812739216,-0.150959248112,-0.215190199161,-0.0390087266827,0.176181472478,False
