batter_id,batter_name,opportunities,recognized,raw_recognition_rate,expected_recognition_rate,adjusted_effect,uncertainty_lower,uncertainty_upper,raw_rank,adjusted_rank,rank_change_after_adjustment,support_classification,adjustment_impact
547180,Bryce Harper,31,21,0.677419354839,0.206254723471,0.366682770568,0.223057591853,0.502491251722,1,1,0,RANKING_ELIGIBLE,SIMILAR_STANDING
676609,José Caballero,32,17,0.53125,0.194046815193,0.258689188093,0.123642322081,0.401018554854,3,2,1,RANKING_ELIGIBLE,SIMILAR_STANDING
694384,Nolan Schanuel,39,20,0.512820512821,0.192092141501,0.256130829049,0.130520525904,0.387471142492,4,3,1,RANKING_ELIGIBLE,SIMILAR_STANDING
701398,Sal Stewart,49,27,0.551020408163,0.262480848845,0.242390868294,0.127913963853,0.357767850253,2,4,-2,RANKING_ELIGIBLE,SIMILAR_STANDING
514888,Jose Altuve,43,20,0.46511627907,0.210753733956,0.203889914103,0.0899492416948,0.327280939696,6,5,1,RANKING_ELIGIBLE,SIMILAR_STANDING
808959,Munetaka Murakami,34,14,0.411764705882,0.185305839751,0.17189943721,0.0490367331738,0.309495339717,7,6,1,RANKING_ELIGIBLE,SIMILAR_STANDING
668709,JJ Bleday,31,15,0.483870967742,0.280315112657,0.15481387382,0.0228654536116,0.295117929449,5,7,-2,RANKING_ELIGIBLE,SIMILAR_STANDING
702332,Caleb Durbin,38,15,0.394736842105,0.215362913254,0.139016281313,0.0246695218947,0.270924368153,9,8,1,RANKING_ELIGIBLE,SIMILAR_STANDING
605137,Josh Bell,30,12,0.4,0.21495088701,0.138215292243,0.00716208108231,0.287267801233,8,9,-1,RANKING_ELIGIBLE,SIMILAR_STANDING
542303,Marcell Ozuna,33,12,0.363636363636,0.181697928905,0.132160054393,0.0193003550127,0.269467623465,11,10,1,RANKING_ELIGIBLE,SIMILAR_STANDING
682928,CJ Abrams,34,12,0.352941176471,0.199461343128,0.113544155795,0,0.244626595638,12,11,1,RANKING_ELIGIBLE,SIMILAR_STANDING
686555,Isaac Collins,35,11,0.314285714286,0.170285927637,0.105718979743,-0.00385750343025,0.239982294012,19,12,7,RANKING_ELIGIBLE,SIMILAR_STANDING
805808,Kevin McGonigle,51,18,0.352941176471,0.231394255578,0.0985154719361,0,0.206415093616,12,13,-1,RANKING_ELIGIBLE,SIMILAR_STANDING
807712,Luke Keaschall,48,16,0.333333333333,0.210558489975,0.0980849197064,-0.00213123132966,0.211240570828,15,14,1,RANKING_ELIGIBLE,SIMILAR_STANDING
592518,Manny Machado,32,10,0.3125,0.173243686382,0.0980100871153,-0.00908060217899,0.230229481531,22,15,7,RANKING_ELIGIBLE,SIMILAR_STANDING
663538,Nico Hoerner,35,11,0.314285714286,0.182226105053,0.0975173131082,-0.0120432632783,0.231689941409,19,16,3,RANKING_ELIGIBLE,SIMILAR_STANDING
607208,Trea Turner,31,10,0.322580645161,0.186959124462,0.0959442894723,-0.0153734314489,0.234143959253,18,17,1,RANKING_ELIGIBLE,SIMILAR_STANDING
593428,Xander Bogaerts,55,18,0.327272727273,0.214179091628,0.0932230113408,-0.00449540938319,0.205816888186,16,18,-2,RANKING_ELIGIBLE,SIMILAR_STANDING
700250,Ben Rice,35,11,0.314285714286,0.187249672606,0.0926569054787,-0.0134607242877,0.221680386473,19,19,0,RANKING_ELIGIBLE,SIMILAR_STANDING
803011,Sam Antonacci,37,12,0.324324324324,0.202399034291,0.0919704904474,-0.0168973932676,0.223034291264,17,20,-3,RANKING_ELIGIBLE,SIMILAR_STANDING
656775,Cedric Mullins,32,10,0.3125,0.19765610497,0.0812105386204,-0.0266229449082,0.213693319054,22,21,1,RANKING_ELIGIBLE,SIMILAR_STANDING
694671,Wyatt Langford,36,10,0.277777777778,0.162675915805,0.0810570470085,-0.0147988861534,0.202176111062,32,22,10,RANKING_ELIGIBLE,IMPROVES_MATERIALLY
805811,Bryce Eldridge,33,13,0.393939393939,0.286676655087,0.0799694632533,-0.0368778291653,0.213160748547,10,23,-13,RANKING_ELIGIBLE,DECLINES_MATERIALLY
805999,A.J. Ewing,35,12,0.342857142857,0.234699343757,0.0792629528465,-0.0282465114214,0.207539113663,14,24,-10,RANKING_ELIGIBLE,DECLINES_MATERIALLY
672695,Geraldo Perdomo,53,16,0.301886792453,0.209703862078,0.0740264578732,-0.0186646954687,0.182431524613,25,25,0,RANKING_ELIGIBLE,SIMILAR_STANDING
672580,Maikel Garcia,39,12,0.307692307692,0.210071797295,0.0737802899142,-0.031328163671,0.200106287719,24,26,-2,RANKING_ELIGIBLE,SIMILAR_STANDING
687263,Zach Neto,43,12,0.279069767442,0.180618382399,0.0729737394199,-0.0189576319692,0.186742865669,30,27,3,RANKING_ELIGIBLE,SIMILAR_STANDING
672515,Gabriel Moreno,49,13,0.265306122449,0.173766355186,0.0703289558465,-0.0179182172952,0.180770773352,34,28,6,RANKING_ELIGIBLE,SIMILAR_STANDING
671056,Iván Herrera,43,11,0.255813953488,0.160972252923,0.0694869486023,-0.0196841595298,0.181449965624,36,29,7,RANKING_ELIGIBLE,SIMILAR_STANDING
608324,Alex Bregman,54,13,0.240740740741,0.15326579263,0.0672136130046,-0.0146189820808,0.171456508629,42,30,12,RANKING_ELIGIBLE,IMPROVES_MATERIALLY
690993,Colt Keith,32,9,0.28125,0.193831965675,0.0604294025031,-0.0437587531074,0.188866605502,29,31,-2,RANKING_ELIGIBLE,SIMILAR_STANDING
656941,Kyle Schwarber,43,12,0.279069767442,0.201262896771,0.0585456930915,-0.0370062587607,0.176348236818,30,32,-2,RANKING_ELIGIBLE,SIMILAR_STANDING
681624,Andy Pages,45,11,0.244444444444,0.173491872931,0.0521101645165,-0.03537966214,0.163318701902,40,33,7,RANKING_ELIGIBLE,SIMILAR_STANDING
660670,Ronald Acuña Jr.,34,10,0.294117647059,0.221912023818,0.0515318921757,-0.0537009288683,0.178759097326,26,34,-8,RANKING_ELIGIBLE,SIMILAR_STANDING
664761,Alec Bohm,38,11,0.289473684211,0.223764608192,0.0480102173582,-0.0543463670112,0.169969077553,27,35,-8,RANKING_ELIGIBLE,SIMILAR_STANDING
665489,Vladimir Guerrero Jr.,36,8,0.222222222222,0.153789745337,0.0459884163112,-0.0427768337429,0.164770943569,46,36,10,RANKING_ELIGIBLE,IMPROVES_MATERIALLY
605141,Mookie Betts,47,10,0.212765957447,0.150997296627,0.0446774837733,-0.0363378979811,0.153274798472,49,37,12,RANKING_ELIGIBLE,IMPROVES_MATERIALLY
666182,Bo Bichette,38,8,0.210526315789,0.145101632199,0.0441395935305,-0.0399411168675,0.158181037156,50,38,12,RANKING_ELIGIBLE,IMPROVES_MATERIALLY
668804,Bryan Reynolds,38,11,0.289473684211,0.232463448465,0.0407284806588,-0.0570249684284,0.159116254371,27,39,-12,RANKING_ELIGIBLE,DECLINES_MATERIALLY
668227,Randy Arozarena,48,10,0.208333333333,0.154564182617,0.0389125368704,-0.0420767833151,0.146456295006,54,40,14,RANKING_ELIGIBLE,IMPROVES_MATERIALLY
670623,Isaac Paredes,46,11,0.239130434783,0.188328058584,0.0370744351468,-0.0497342689157,0.147410696982,43,41,2,RANKING_ELIGIBLE,SIMILAR_STANDING
677587,Brayan Rocchio,41,8,0.19512195122,0.154093604007,0.0266361547168,-0.0498683096163,0.130516908285,59,42,17,RANKING_ELIGIBLE,IMPROVES_MATERIALLY
575929,Willson Contreras,30,8,0.266666666667,0.231974477078,0.0220879694048,-0.0815653927872,0.150852185379,33,43,-10,RANKING_ELIGIBLE,DECLINES_MATERIALLY
800050,Chase DeLauter,31,7,0.225806451613,0.189879367829,0.0216892486173,-0.0732100324746,0.148763186409,45,44,1,RANKING_ELIGIBLE,SIMILAR_STANDING
679529,Spencer Torkelson,48,10,0.208333333333,0.176866139036,0.0216770333719,-0.059712442769,0.126986714831,54,45,9,RANKING_ELIGIBLE,SIMILAR_STANDING
683737,Michael Busch,32,6,0.1875,0.152246230433,0.0205089706363,-0.0637204927012,0.139542206011,63,46,17,RANKING_ELIGIBLE,IMPROVES_MATERIALLY
678246,Miguel Vargas,47,12,0.255319148936,0.229541860873,0.0180646147476,-0.0717055211348,0.129308689766,37,47,-10,RANKING_ELIGIBLE,DECLINES_MATERIALLY
689414,Liam Hicks,32,7,0.21875,0.189052192693,0.0173265565687,-0.0756064050605,0.145066770813,47,48,-1,RANKING_ELIGIBLE,SIMILAR_STANDING
642715,Willy Adames,34,7,0.205882352941,0.177934635442,0.0165310074589,-0.0734335931867,0.139377429388,56,49,7,RANKING_ELIGIBLE,SIMILAR_STANDING
682998,Corbin Carroll,34,6,0.176470588235,0.148692435688,0.015341183911,-0.0668592662923,0.136263844185,66,50,16,RANKING_ELIGIBLE,IMPROVES_MATERIALLY
691406,Junior Caminero,44,9,0.204545454545,0.186741969004,0.0106549193366,-0.0712905451663,0.117470664864,58,51,7,RANKING_ELIGIBLE,SIMILAR_STANDING
693304,Nick Gonzales,36,7,0.194444444444,0.175855007565,0.0101020225099,-0.0747455626491,0.123789904249,60,52,8,RANKING_ELIGIBLE,SIMILAR_STANDING
669394,Jake Burger,41,10,0.243902439024,0.227467148338,0.00998002406518,-0.0814787268008,0.124157860277,41,53,-12,RANKING_ELIGIBLE,DECLINES_MATERIALLY
673548,Seiya Suzuki,51,11,0.21568627451,0.200984395896,0.0088734093255,-0.0744364004796,0.114248361825,48,54,-6,RANKING_ELIGIBLE,SIMILAR_STANDING
691023,Jordan Walker,34,7,0.205882352941,0.190916702549,0.00710389046014,-0.0838229766626,0.130170125953,56,55,1,RANKING_ELIGIBLE,SIMILAR_STANDING
682985,Riley Greene,32,8,0.25,0.239419238215,0.0047481283639,-0.0985282721799,0.135299229281,38,56,-18,RANKING_ELIGIBLE,DECLINES_MATERIALLY
643289,Mauricio Dubón,43,7,0.162790697674,0.152207674148,0.00446728011176,-0.0643158116055,0.101337716061,72,57,15,RANKING_ELIGIBLE,IMPROVES_MATERIALLY
691723,Coby Mayo,38,10,0.263157894737,0.25651759914,0.0022128502672,-0.0932370277803,0.119580430816,35,58,-23,RANKING_ELIGIBLE,DECLINES_MATERIALLY
666018,Jonathan Aranda,43,9,0.209302325581,0.204462869738,0.00035356044363,-0.0866694022199,0.113284699728,52,59,-7,RANKING_ELIGIBLE,SIMILAR_STANDING
571448,Nolan Arenado,38,8,0.210526315789,0.208314451435,-0.00148627930724,-0.0867491719779,0.111047459167,50,60,-10,RANKING_ELIGIBLE,DECLINES_MATERIALLY
665750,Leody Taveras,32,8,0.25,0.247565274933,-0.00174285947422,-0.103554565802,0.130588547255,38,61,-23,RANKING_ELIGIBLE,DECLINES_MATERIALLY
680757,Steven Kwan,54,9,0.166666666667,0.175136804497,-0.0100103068494,-0.080998222293,0.08690737495,71,62,9,RANKING_ELIGIBLE,SIMILAR_STANDING
693307,Dillon Dingler,40,7,0.175,0.18676404952,-0.0125657775895,-0.0925446265429,0.0975495151478,68,63,5,RANKING_ELIGIBLE,SIMILAR_STANDING
669364,Xavier Edwards,51,9,0.176470588235,0.189037501461,-0.0126677993598,-0.0852285077077,0.0818022452566,66,64,2,RANKING_ELIGIBLE,SIMILAR_STANDING
661388,William Contreras,44,6,0.136363636364,0.150408725785,-0.0141784038062,-0.0810350090983,0.0839414562645,84,65,19,RANKING_ELIGIBLE,IMPROVES_MATERIALLY
666126,Carlos Cortes,32,5,0.15625,0.172242770471,-0.0154794569291,-0.0955667861315,0.10261406455,75,66,9,RANKING_ELIGIBLE,SIMILAR_STANDING
808982,Jung Hoo Lee,41,5,0.121951219512,0.14904436262,-0.0232068807915,-0.0874518463316,0.0746570751489,90,67,23,RANKING_ELIGIBLE,IMPROVES_MATERIALLY
641343,Jake Bauers,43,8,0.186046511628,0.212977970437,-0.0242564998831,-0.105071978132,0.0831313867827,64,68,-4,RANKING_ELIGIBLE,SIMILAR_STANDING
676475,Alec Burleson,37,5,0.135135135135,0.1652076674,-0.0247563646623,-0.0923097735679,0.0778246999313,85,69,16,RANKING_ELIGIBLE,IMPROVES_MATERIALLY
701807,Carson Benge,33,6,0.181818181818,0.21157238621,-0.0258543177302,-0.115300519732,0.0973800405434,65,70,-5,RANKING_ELIGIBLE,SIMILAR_STANDING
695578,James Wood,40,7,0.175,0.205365051354,-0.0259306667804,-0.105552944938,0.0793989771647,68,71,-3,RANKING_ELIGIBLE,SIMILAR_STANDING
682829,Elly De La Cruz,41,7,0.170731707317,0.20056842019,-0.0266768356299,-0.105489199955,0.0839955999329,70,72,-2,RANKING_ELIGIBLE,SIMILAR_STANDING
650402,Gleyber Torres,38,5,0.131578947368,0.164202717725,-0.0273570005775,-0.0972394407646,0.0777422942622,87,73,14,RANKING_ELIGIBLE,IMPROVES_MATERIALLY
677951,Bobby Witt Jr.,42,6,0.142857142857,0.177304023173,-0.0275828825824,-0.0944665951049,0.0640858915385,81,74,7,RANKING_ELIGIBLE,SIMILAR_STANDING
802139,JJ Wetherholt,42,5,0.119047619048,0.152652121348,-0.0281196212048,-0.0915874728649,0.0692982141112,93,75,18,RANKING_ELIGIBLE,IMPROVES_MATERIALLY
518692,Freddie Freeman,35,5,0.142857142857,0.177545314968,-0.0285349299614,-0.102234985615,0.0822729033447,81,76,5,RANKING_ELIGIBLE,SIMILAR_STANDING
701762,Nick Kurtz,39,9,0.230769230769,0.26620812999,-0.0296100213949,-0.119819666197,0.0823892992704,44,77,-33,RANKING_ELIGIBLE,DECLINES_MATERIALLY
606466,Ketel Marte,34,5,0.147058823529,0.183681926894,-0.0302150802667,-0.10724044733,0.0836465346427,78,78,0,RANKING_ELIGIBLE,SIMILAR_STANDING
702284,Cole Young,39,6,0.153846153846,0.191240323744,-0.0311860621655,-0.105909583632,0.0743976279547,76,79,-3,RANKING_ELIGIBLE,SIMILAR_STANDING
805300,Jakob Marsee,37,7,0.189189189189,0.227956423025,-0.032731567774,-0.119729218866,0.0828083340115,62,80,-18,RANKING_ELIGIBLE,DECLINES_MATERIALLY
672640,Otto Lopez,52,8,0.153846153846,0.191655684059,-0.0328845019681,-0.102637723972,0.0593567499877,76,81,-5,RANKING_ELIGIBLE,SIMILAR_STANDING
691720,Kyle Karros,43,9,0.209302325581,0.24957626554,-0.0338058259123,-0.119378090629,0.0709561663707,52,82,-30,RANKING_ELIGIBLE,DECLINES_MATERIALLY
621493,Taylor Ward,51,8,0.156862745098,0.196324153088,-0.0339783010477,-0.102984629956,0.0589648798713,74,83,-9,RANKING_ELIGIBLE,SIMILAR_STANDING
677649,Ezequiel Duran,32,3,0.09375,0.148030478184,-0.0397742975576,-0.101554424282,0.0644549493199,103,84,19,RANKING_ELIGIBLE,IMPROVES_MATERIALLY
663886,Tyler Stephenson,31,6,0.193548387097,0.244803675529,-0.0416917914265,-0.136850373798,0.0896096627961,61,85,-24,RANKING_ELIGIBLE,DECLINES_MATERIALLY
687462,Spencer Horwitz,34,4,0.117647058824,0.174779297091,-0.0422700778834,-0.10786619047,0.0579894149112,94,86,8,RANKING_ELIGIBLE,SIMILAR_STANDING
657041,Lane Thomas,32,4,0.125,0.180865479945,-0.0434293827129,-0.117349719007,0.0724919593139,88,87,1,RANKING_ELIGIBLE,SIMILAR_STANDING
691026,Masyn Winn,42,6,0.142857142857,0.19864698235,-0.0445106038011,-0.114402319386,0.0527154819744,81,88,-7,RANKING_ELIGIBLE,SIMILAR_STANDING
650333,Luis Arraez,42,3,0.0714285714286,0.134208171896,-0.0463612683602,-0.0956385218769,0.0362810328045,107,89,18,RANKING_ELIGIBLE,IMPROVES_MATERIALLY
805367,Chase Meidroth,60,4,0.0666666666667,0.126635422001,-0.0481138486338,-0.0904318189492,0.0216834911621,110,90,20,RANKING_ELIGIBLE,IMPROVES_MATERIALLY
668930,Brice Turang,31,3,0.0967741935484,0.166738099454,-0.0503707481372,-0.114992106477,0.0564370030331,102,91,11,RANKING_ELIGIBLE,IMPROVES_MATERIALLY
665487,Fernando Tatis Jr.,30,4,0.133333333333,0.201902328234,-0.0509121518152,-0.128707107407,0.0642364146492,86,92,-6,RANKING_ELIGIBLE,SIMILAR_STANDING
695600,Carter Jensen,44,7,0.159090909091,0.221398738182,-0.0513479889752,-0.127381823273,0.0514402822027,73,93,-20,RANKING_ELIGIBLE,DECLINES_MATERIALLY
683083,Nasim Nuñez,37,3,0.0810810810811,0.15334159399,-0.0536171296776,-0.10979060701,0.0418685018279,106,94,12,RANKING_ELIGIBLE,IMPROVES_MATERIALLY
664023,Ian Happ,41,5,0.121951219512,0.194675235561,-0.0556767180475,-0.119852129218,0.0381572744854,90,95,-5,RANKING_ELIGIBLE,SIMILAR_STANDING
657757,Gavin Sheets,33,2,0.0606060606061,0.145477117933,-0.0580444142805,-0.109575492257,0.0349793776145,112,96,16,RANKING_ELIGIBLE,IMPROVES_MATERIALLY
695734,Daylen Lile,30,2,0.0666666666667,0.151631240209,-0.0583950842876,-0.114610172852,0.0445205566426,110,97,13,RANKING_ELIGIBLE,IMPROVES_MATERIALLY
663993,Nathaniel Lowe,33,3,0.0909090909091,0.176424759761,-0.063130119069,-0.126929631798,0.0419647502819,105,98,7,RANKING_ELIGIBLE,SIMILAR_STANDING
624413,Pete Alonso,64,8,0.125,0.199033141741,-0.0633420241545,-0.122259485815,0.0170451836483,88,99,-11,RANKING_ELIGIBLE,DECLINES_MATERIALLY
608348,Carson Kelly,30,3,0.1,0.194024356097,-0.0649234994004,-0.130040953729,0.0392521513931,100,100,0,RANKING_ELIGIBLE,SIMILAR_STANDING
678554,Curtis Mead,32,3,0.09375,0.190029143929,-0.0667720786279,-0.130247349169,0.031163766931,103,101,2,RANKING_ELIGIBLE,SIMILAR_STANDING
592885,Christian Yelich,41,6,0.146341463415,0.231239947342,-0.068100576694,-0.143136799033,0.0356369685528,79,102,-23,RANKING_ELIGIBLE,DECLINES_MATERIALLY
677800,Wilyer Abreu,41,6,0.146341463415,0.235970224645,-0.0706316816048,-0.144472346049,0.0293526604513,79,103,-24,RANKING_ELIGIBLE,DECLINES_MATERIALLY
666176,Jo Adell,30,3,0.1,0.205529054061,-0.0713273574405,-0.138087943517,0.0291534226213,100,104,-4,RANKING_ELIGIBLE,SIMILAR_STANDING
696285,Jacob Young,47,5,0.106382978723,0.202090818678,-0.0739976327044,-0.132806438424,0.00958957323955,98,105,-7,RANKING_ELIGIBLE,SIMILAR_STANDING
553993,Eugenio Suárez,44,5,0.113636363636,0.210736236174,-0.0762131045391,-0.140988429988,0.0170554034989,95,106,-11,RANKING_ELIGIBLE,DECLINES_MATERIALLY
543807,George Springer,36,4,0.111111111111,0.221617220928,-0.08136718606,-0.147761177912,0.016915174146,96,107,-11,RANKING_ELIGIBLE,DECLINES_MATERIALLY
680574,Matt McLain,50,6,0.12,0.220618671075,-0.0813986803019,-0.144937343596,0.00645455129957,92,108,-16,RANKING_ELIGIBLE,DECLINES_MATERIALLY
596019,Francisco Lindor,36,0,0,0.143888880499,-0.0909292724711,-0.124758809199,-0.02175674621,119,109,10,RANKING_ELIGIBLE,IMPROVES_MATERIALLY
681082,Bryson Stott,43,3,0.0697674418605,0.194012182493,-0.0932095943932,-0.146742731368,-0.00784465387131,109,110,-1,RANKING_ELIGIBLE,SIMILAR_STANDING
677594,Julio Rodríguez,37,2,0.0540540540541,0.185724062726,-0.0957074729826,-0.147814565476,-0.00415025874928,114,111,3,RANKING_ELIGIBLE,SIMILAR_STANDING
545361,Mike Trout,73,8,0.109589041096,0.22177863803,-0.0960027494331,-0.149218740086,-0.0227988743763,97,112,-15,RANKING_ELIGIBLE,DECLINES_MATERIALLY
681715,Heriberto Hernández,42,3,0.0714285714286,0.20754272916,-0.101244948518,-0.156409085118,-0.0156829707302,107,113,-6,RANKING_ELIGIBLE,SIMILAR_STANDING
694497,Evan Carter,38,4,0.105263157895,0.240417068646,-0.101993299746,-0.168906878572,-0.00442589476432,99,114,-15,RANKING_ELIGIBLE,DECLINES_MATERIALLY
502671,Paul Goldschmidt,36,1,0.0277777777778,0.192826747191,-0.115225889617,-0.161525030336,-0.0309796772941,118,115,3,RANKING_ELIGIBLE,SIMILAR_STANDING
650490,Yandy Díaz,51,0,0,0.162332256793,-0.115474455233,-0.14433346679,-0.057335654,119,116,3,RANKING_ELIGIBLE,SIMILAR_STANDING
608070,José Ramírez,34,0,0,0.181549404458,-0.116660545629,-0.156114405919,-0.041817631028,119,117,2,RANKING_ELIGIBLE,SIMILAR_STANDING
694192,Jackson Chourio,31,0,0,0.186526170446,-0.119984552233,-0.161564423601,-0.037153442972,119,118,1,RANKING_ELIGIBLE,SIMILAR_STANDING
672960,Kazuma Okamoto,45,2,0.0444444444444,0.208960873884,-0.12324489916,-0.170568814961,-0.0447810866664,115,119,-4,RANKING_ELIGIBLE,SIMILAR_STANDING
664040,Brandon Lowe,33,1,0.030303030303,0.213197561038,-0.125159235714,-0.176699816024,-0.0372068138976,116,120,-4,RANKING_ELIGIBLE,SIMILAR_STANDING
669003,Garrett Mitchell,34,2,0.0588235294118,0.235554621729,-0.12583002022,-0.185305935571,-0.0316196026892,113,121,-8,RANKING_ELIGIBLE,SIMILAR_STANDING
683734,Andrew Vaughn,33,0,0,0.196410402524,-0.130741017813,-0.171680452759,-0.0495566441257,119,122,-3,RANKING_ELIGIBLE,SIMILAR_STANDING
663586,Austin Riley,34,1,0.0294117647059,0.224032388527,-0.135553772086,-0.186701802383,-0.0466589610736,117,123,-6,RANKING_ELIGIBLE,SIMILAR_STANDING
