relative_path,present_run_a,present_run_b,bytes_run_a,bytes_run_b,sha256_run_a,sha256_run_b,byte_identical
cts3/confirmation_prepared.csv,True,True,14455426,14455426,7b8f8d3c68dd21d9d74857265da04e1108f557f81e889518b5ea4786a4e0e67b,7b8f8d3c68dd21d9d74857265da04e1108f557f81e889518b5ea4786a4e0e67b,True
cts3/development_prepared.csv,True,True,138965594,138965594,b9da818d49204646903c445f0b3f51965f050ec57717a258b3e1f59b49d123b2,b9da818d49204646903c445f0b3f51965f050ec57717a258b3e1f59b49d123b2,True
cts3/game_values.csv,True,True,3438742,3438742,91a29110664b30dfbb77c98259b50c2dbc32ac9a59c80296cda3ec8f45e5f929,91a29110664b30dfbb77c98259b50c2dbc32ac9a59c80296cda3ec8f45e5f929,True
cts3/manifest.json,True,True,2653,2653,cf85528c0d1a805c5acc64dc5f78308cd9abd7a9ed3382341113b7c797cd1c0f,cf85528c0d1a805c5acc64dc5f78308cd9abd7a9ed3382341113b7c797cd1c0f,True
cts3/support_schedules.csv,True,True,1267043,1267043,33fe93cc0d228dae07ff8199bd1e396f61e918728c390e4d793fee2025eb8a4c,33fe93cc0d228dae07ff8199bd1e396f61e918728c390e4d793fee2025eb8a4c,True
cts3/validation.json,True,True,5106,5106,5d4917b1a2a3634624930976773628534a5d92bc60bb7dba9beb76d697c2d8c7,5d4917b1a2a3634624930976773628534a5d92bc60bb7dba9beb76d697c2d8c7,True
cts7/contrast_audit.csv,True,True,7959650,7959650,fe6d30712a56ab760d70bbddc7a4116ee4ca444c3b88bc3408cae85a3e7bd000,fe6d30712a56ab760d70bbddc7a4116ee4ca444c3b88bc3408cae85a3e7bd000,True
cts7/contrast_cells.csv,True,True,154313715,154313715,7a2b3078124df0f0074e2ef1a67fd894e09705b0f0b54c3e0da05f51891938e5,7a2b3078124df0f0074e2ef1a67fd894e09705b0f0b54c3e0da05f51891938e5,True
cts7/contrast_pairs.csv,True,True,6484486,6484486,0d315404752b7f03735d2ca34c67e5bf752caceb0b8c18e2741d77b2ee3c811c,0d315404752b7f03735d2ca34c67e5bf752caceb0b8c18e2741d77b2ee3c811c,True
cts7/manifest.json,True,True,2057,2057,e022217f4757f246906f4c2f13fe84b192c7a264a2f9bf5e43a60ffdc92e8c93,e022217f4757f246906f4c2f13fe84b192c7a264a2f9bf5e43a60ffdc92e8c93,True
cts7/validation.json,True,True,2528,2528,61080a5d13e2185094544a814fba63a206a83d4191317c582892f1b519ed1616,61080a5d13e2185094544a814fba63a206a83d4191317c582892f1b519ed1616,True
cts9/bootstrap_support_costs.csv,True,True,153514,153514,aacb7f6780d1b7f37bed4615a2b456b0567d0255f6ff99b474b6b54ac6d0a815,aacb7f6780d1b7f37bed4615a2b456b0567d0255f6ff99b474b6b54ac6d0a815,True
cts9/completeness_audit.csv,True,True,1121,1121,89219b61b954b8a5c5f32079ae61af2624e822c104eb143c01336cb6e0c237ef,89219b61b954b8a5c5f32079ae61af2624e822c104eb143c01336cb6e0c237ef,True
cts9/manifest.json,True,True,2685,2685,c21e6b7d0ff7610a2499a174e70e06288a9223940036756223d264e6c42320a0,c21e6b7d0ff7610a2499a174e70e06288a9223940036756223d264e6c42320a0,True
cts9/reference_sampling_intervals.csv,True,True,19225370,19225370,7e696d9562e762bb3b2c997576ec03731a00c3db89ee153f979cb586fa4d6f3c,7e696d9562e762bb3b2c997576ec03731a00c3db89ee153f979cb586fa4d6f3c,True
cts9/validation.json,True,True,1779,1779,2614d57c05b554569e98c42295365290af225b2a7f2982b7df14acc0fd9497ff,2614d57c05b554569e98c42295365290af225b2a7f2982b7df14acc0fd9497ff,True
temporal/compact_eligible.csv,True,True,438323,438323,75c2f0675d6e9c13042281897254985347d03a1e25726762590b20da832703ed,75c2f0675d6e9c13042281897254985347d03a1e25726762590b20da832703ed,True
temporal/confirmation_candidate_states.csv,True,True,3658236,3658236,6537e102f78aa8d1fed76888e7e338d854be49cc2e26c73931a014e472198fdc,6537e102f78aa8d1fed76888e7e338d854be49cc2e26c73931a014e472198fdc,True
temporal/development_candidate_states.csv,True,True,9485930,9485930,0a0a10cc047e2864975c8bfd6baf723e84441a846451e05ce9a095fc5dc18a56,0a0a10cc047e2864975c8bfd6baf723e84441a846451e05ce9a095fc5dc18a56,True
temporal/exclusions.csv,True,True,21131930,21131930,176f118ec1ce8d8478c6bf2fb4950ea56ec65d6e985d942b0468c51b06c4bdff,176f118ec1ce8d8478c6bf2fb4950ea56ec65d6e985d942b0468c51b06c4bdff,True
temporal/manifest.json,True,True,2682,2682,25062fc6a68a4d0bb8c4fcdd9adaa74c691ea31824e6ff965c2b6f3f8fd57d0e,25062fc6a68a4d0bb8c4fcdd9adaa74c691ea31824e6ff965c2b6f3f8fd57d0e,True
temporal/matched_all_variants.csv,True,True,60193056,60193056,12aac3db00c71231e245ee417e2f23c8edea3a02e366ca4c9b72b1efd5f6aefc,12aac3db00c71231e245ee417e2f23c8edea3a02e366ca4c9b72b1efd5f6aefc,True
temporal/matched_reference.csv,True,True,6503888,6503888,ee8f286c29a60eb8f64f4f727017b7c933eb90901a95d0ee2e74cea012665cb0,ee8f286c29a60eb8f64f4f727017b7c933eb90901a95d0ee2e74cea012665cb0,True
temporal/reference_disclosure.csv,True,True,21569667,21569667,ca2cb7bdd6be75fc26f73c49a343b7a870db061bf775a7cd6c99212996b7554a,ca2cb7bdd6be75fc26f73c49a343b7a870db061bf775a7cd6c99212996b7554a,True
temporal/validation.json,True,True,3647,3647,94d4e818336aa093bb3c83be843da04ff545011251e2e360f696024772724671,94d4e818336aa093bb3c83be843da04ff545011251e2e360f696024772724671,True
