spot_check_reason,pitch_key,game_date,opportunity_side,inning,half_inning,count,outs,base_state,challenged,challenge_outcome,feed_description,feed_pa_result_description,attached_event_descriptions,obs_balls,obs_strikes,obs_outs,obs_base_state,obs_runs,obs_pa_status,cor_balls,cor_strikes,cor_outs,cor_base_state,cor_runs,cor_pa_status,cf_rule,cf_confidence,RE_observed,RE_corrected,correction_value_runs,next_pitch_state_check,feed_call_matches_expected,automated_check_pass,manual_review_note
TOP_25_MISSED_VALUE,823281:35:9,2026-06-28,DEFENSE,5,top,3-2,1,111,False,,Ball,Freddie Freeman walks. Alex Freeland scores. Shohei Ohtani to 3rd. Andy Pages to 2nd.,[],0,0,1,111,1,WALK,0,0,2,111,0,STRIKEOUT,R1_NO_RUNNER_ACTION,EXACT,2.67551,0.758411,1.9171,MATCH,True,True,"Manual 2026-09-23: feed PA text agrees with the observed state (walk/strikeout, forced advances, any forced run); the corrected state is the mechanical alternative call; no runner action linked to the pitch."
TOP_25_MISSED_VALUE,822975:12:5,2026-05-30,OFFENSE,1,bottom,3-2,1,111,False,,Called Strike,Ben Williamson called out on strikes.,[],0,0,2,111,0,STRIKEOUT,0,0,1,111,1,WALK,R1_NO_RUNNER_ACTION,EXACT,0.758411,2.67551,1.9171,MATCH,True,True,"Manual 2026-09-23: feed PA text agrees with the observed state (walk/strikeout, forced advances, any forced run); the corrected state is the mechanical alternative call; no runner action linked to the pitch."
TOP_25_MISSED_VALUE,825026:61:7,2026-04-03,DEFENSE,7,top,3-2,2,111,False,,Ball,Brice Matthews walks. Nick Allen scores. Jake Meyers to 3rd. Yainer Diaz to 2nd.,[],0,0,2,111,1,WALK,0,0,3,000,0,STRIKEOUT,R1_NO_RUNNER_ACTION,EXACT,1.75841,0,1.75841,MATCH,True,True,"Manual 2026-09-23: feed PA text agrees with the observed state (walk/strikeout, forced advances, any forced run); the corrected state is the mechanical alternative call; no runner action linked to the pitch."
TOP_25_MISSED_VALUE,824402:38:5,2026-08-05,DEFENSE,5,bottom,3-2,0,110,False,,Ball,Chase DeLauter walks. Angel Genao to 3rd. Steven Kwan to 2nd.,[],0,0,0,111,0,WALK,0,0,1,110,0,STRIKEOUT,R1_NO_RUNNER_ACTION,EXACT,2.51984,0.941624,1.57822,MATCH,True,True,"Manual 2026-09-23: feed PA text agrees with the observed state (walk/strikeout, forced advances, any forced run); the corrected state is the mechanical alternative call; no runner action linked to the pitch."
TOP_25_MISSED_VALUE,825038:24:5,2026-09-01,OFFENSE,3,bottom,3-2,0,110,False,,Called Strike,Ryan Waldschmidt called out on strikes.,[],0,0,1,110,0,STRIKEOUT,0,0,0,111,0,WALK,R1_NO_RUNNER_ACTION,EXACT,0.941624,2.51984,1.57822,MATCH,True,True,"Manual 2026-09-23: feed PA text agrees with the observed state (walk/strikeout, forced advances, any forced run); the corrected state is the mechanical alternative call; no runner action linked to the pitch."
TOP_25_MISSED_VALUE,824877:62:6,2026-08-28,DEFENSE,7,top,3-2,1,110,False,,Ball,TJ Rumfield walks. Jake McCarthy to 3rd. Hunter Goodman to 2nd.,[],0,0,1,111,0,WALK,0,0,2,110,0,STRIKEOUT,R1_NO_RUNNER_ACTION,EXACT,1.67551,0.453815,1.22169,MATCH,True,True,"Manual 2026-09-23: feed PA text agrees with the observed state (walk/strikeout, forced advances, any forced run); the corrected state is the mechanical alternative call; no runner action linked to the pitch."
TOP_25_MISSED_VALUE,824771:21:6,2026-05-02,DEFENSE,3,bottom,3-2,1,110,False,,Ball,Jarren Duran walks. Ceddanne Rafaela to 3rd. Caleb Durbin to 2nd.,[],0,0,1,111,0,WALK,0,0,2,110,0,STRIKEOUT,R1_NO_RUNNER_ACTION,EXACT,1.67551,0.453815,1.22169,MATCH,True,True,"Manual 2026-09-23: feed PA text agrees with the observed state (walk/strikeout, forced advances, any forced run); the corrected state is the mechanical alternative call; no runner action linked to the pitch."
TOP_25_MISSED_VALUE,823860:20:6,2026-06-05,OFFENSE,3,top,3-2,1,110,False,,Called Strike,Richie Palacios called out on strikes.,[],0,0,2,110,0,STRIKEOUT,0,0,1,111,0,WALK,R1_NO_RUNNER_ACTION,EXACT,0.453815,1.67551,1.22169,MATCH,True,True,"Manual 2026-09-23: feed PA text agrees with the observed state (walk/strikeout, forced advances, any forced run); the corrected state is the mechanical alternative call; no runner action linked to the pitch."
TOP_25_MISSED_VALUE,824023:29:7,2026-06-09,OFFENSE,3,top,3-2,1,110,False,,Called Strike,Jose Altuve called out on strikes.,[],0,0,2,110,0,STRIKEOUT,0,0,1,111,0,WALK,R1_NO_RUNNER_ACTION,EXACT,0.453815,1.67551,1.22169,MATCH,True,True,"Manual 2026-09-23: feed PA text agrees with the observed state (walk/strikeout, forced advances, any forced run); the corrected state is the mechanical alternative call; no runner action linked to the pitch."
TOP_25_MISSED_VALUE,823607:8:5,2026-07-07,OFFENSE,1,bottom,3-2,1,110,False,,Called Strike,Francisco Lindor called out on strikes.,[],0,0,2,110,0,STRIKEOUT,0,0,1,111,0,WALK,R1_NO_RUNNER_ACTION,EXACT,0.453815,1.67551,1.22169,MATCH,True,True,"Manual 2026-09-23: feed PA text agrees with the observed state (walk/strikeout, forced advances, any forced run); the corrected state is the mechanical alternative call; no runner action linked to the pitch."
TOP_25_MISSED_VALUE,824830:6:8,2026-06-09,DEFENSE,1,bottom,3-2,1,110,False,,Ball,Colton Cowser walks. Taylor Ward to 3rd. Pete Alonso to 2nd.,[],0,0,1,111,0,WALK,0,0,2,110,0,STRIKEOUT,R1_NO_RUNNER_ACTION,EXACT,1.67551,0.453815,1.22169,MATCH,True,True,"Manual 2026-09-23: feed PA text agrees with the observed state (walk/strikeout, forced advances, any forced run); the corrected state is the mechanical alternative call; no runner action linked to the pitch."
TOP_25_MISSED_VALUE,823873:32:8,2026-05-05,OFFENSE,3,bottom,3-2,1,110,False,,Called Strike,Owen Caissie called out on strikes.,[],0,0,2,110,0,STRIKEOUT,0,0,1,111,0,WALK,R1_NO_RUNNER_ACTION,EXACT,0.453815,1.67551,1.22169,MATCH,True,True,"Manual 2026-09-23: feed PA text agrees with the observed state (walk/strikeout, forced advances, any forced run); the corrected state is the mechanical alternative call; no runner action linked to the pitch."
TOP_25_MISSED_VALUE,824334:3:6,2026-07-04,DEFENSE,1,top,3-2,1,011,False,,Ball,Rafael Devers walks.,[],0,0,1,111,0,WALK,0,0,2,011,0,STRIKEOUT,R1_NO_RUNNER_ACTION,EXACT,1.67551,0.517466,1.15804,MATCH,True,True,"Manual 2026-09-23: feed PA text agrees with the observed state (walk/strikeout, forced advances, any forced run); the corrected state is the mechanical alternative call; no runner action linked to the pitch."
TOP_25_MISSED_VALUE,823865:44:6,2026-05-19,OFFENSE,5,bottom,3-2,1,011,False,,Called Strike,Christopher Morel called out on strikes.,[],0,0,2,011,0,STRIKEOUT,0,0,1,111,0,WALK,R1_NO_RUNNER_ACTION,EXACT,0.517466,1.67551,1.15804,MATCH,True,True,"Manual 2026-09-23: feed PA text agrees with the observed state (walk/strikeout, forced advances, any forced run); the corrected state is the mechanical alternative call; no runner action linked to the pitch."
TOP_25_MISSED_VALUE,824424:1:7,2026-09-04,DEFENSE,1,top,3-2,0,100,False,,Ball,Kevin McGonigle walks. Gleyber Torres to 2nd.,[],0,0,0,110,0,WALK,0,0,1,100,0,STRIKEOUT,R1_NO_RUNNER_ACTION,EXACT,1.57518,0.536761,1.03842,MATCH,True,True,"Manual 2026-09-23: feed PA text agrees with the observed state (walk/strikeout, forced advances, any forced run); the corrected state is the mechanical alternative call; no runner action linked to the pitch."
TOP_25_MISSED_VALUE,825006:10:5,2026-05-17,OFFENSE,2,top,3-2,0,100,False,,Called Strike,Matt Chapman called out on strikes.,[],0,0,1,100,0,STRIKEOUT,0,0,0,110,0,WALK,R1_NO_RUNNER_ACTION,EXACT,0.536761,1.57518,1.03842,MATCH,True,True,"Manual 2026-09-23: feed PA text agrees with the observed state (walk/strikeout, forced advances, any forced run); the corrected state is the mechanical alternative call; no runner action linked to the pitch."
TOP_25_MISSED_VALUE,823719:36:6,2026-04-27,DEFENSE,5,top,3-2,0,100,False,,Ball,J.P. Crawford walks. Randy Arozarena to 2nd.,[],0,0,0,110,0,WALK,0,0,1,100,0,STRIKEOUT,R1_NO_RUNNER_ACTION,EXACT,1.57518,0.536761,1.03842,MATCH,True,True,"Manual 2026-09-23: feed PA text agrees with the observed state (walk/strikeout, forced advances, any forced run); the corrected state is the mechanical alternative call; no runner action linked to the pitch."
TOP_25_MISSED_VALUE,824912:14:6,2026-06-16,DEFENSE,2,top,3-2,0,100,False,,Ball,Drew Gilbert walks. Casey Schmitt to 2nd.,[],0,0,0,110,0,WALK,0,0,1,100,0,STRIKEOUT,R1_NO_RUNNER_ACTION,EXACT,1.57518,0.536761,1.03842,MATCH,True,True,"Manual 2026-09-23: feed PA text agrees with the observed state (walk/strikeout, forced advances, any forced run); the corrected state is the mechanical alternative call; no runner action linked to the pitch."
TOP_25_MISSED_VALUE,824008:62:7,2026-07-18,OFFENSE,8,bottom,3-2,0,100,False,,Called Strike,Wade Meckler called out on strikes.,[],0,0,1,100,0,STRIKEOUT,0,0,0,110,0,WALK,R1_NO_RUNNER_ACTION,EXACT,0.536761,1.57518,1.03842,MATCH,True,True,"Manual 2026-09-23: feed PA text agrees with the observed state (walk/strikeout, forced advances, any forced run); the corrected state is the mechanical alternative call; no runner action linked to the pitch."
TOP_25_MISSED_VALUE,822913:52:7,2026-04-22,OFFENSE,7,bottom,3-2,0,100,False,,Called Strike,Evan Carter called out on strikes.,[],0,0,1,100,0,STRIKEOUT,0,0,0,110,0,WALK,R1_NO_RUNNER_ACTION,EXACT,0.536761,1.57518,1.03842,MATCH,True,True,"Manual 2026-09-23: feed PA text agrees with the observed state (walk/strikeout, forced advances, any forced run); the corrected state is the mechanical alternative call; no runner action linked to the pitch."
TOP_25_MISSED_VALUE,823145:19:7,2026-05-03,OFFENSE,3,bottom,3-2,0,100,False,,Called Strike,Rob Refsnyder called out on strikes.,[],0,0,1,100,0,STRIKEOUT,0,0,0,110,0,WALK,R1_NO_RUNNER_ACTION,EXACT,0.536761,1.57518,1.03842,MATCH,True,True,"Manual 2026-09-23: feed PA text agrees with the observed state (walk/strikeout, forced advances, any forced run); the corrected state is the mechanical alternative call; no runner action linked to the pitch."
TOP_25_MISSED_VALUE,824832:11:8,2026-05-31,DEFENSE,2,bottom,3-2,0,100,False,,Ball,Samuel Basallo walks. Pete Alonso to 2nd.,[],0,0,0,110,0,WALK,0,0,1,100,0,STRIKEOUT,R1_NO_RUNNER_ACTION,EXACT,1.57518,0.536761,1.03842,MATCH,True,True,"Manual 2026-09-23: feed PA text agrees with the observed state (walk/strikeout, forced advances, any forced run); the corrected state is the mechanical alternative call; no runner action linked to the pitch."
TOP_25_MISSED_VALUE,823240:42:5,2026-04-03,DEFENSE,6,bottom,3-2,0,100,False,,Ball,Patrick Bailey walks. Harrison Bader to 2nd.,[],0,0,0,110,0,WALK,0,0,1,100,0,STRIKEOUT,R1_NO_RUNNER_ACTION,EXACT,1.57518,0.536761,1.03842,MATCH,True,True,"Manual 2026-09-23: feed PA text agrees with the observed state (walk/strikeout, forced advances, any forced run); the corrected state is the mechanical alternative call; no runner action linked to the pitch."
TOP_25_MISSED_VALUE,822815:55:5,2026-05-13,OFFENSE,8,top,3-2,0,100,False,,Called Strike,Chandler Simpson called out on strikes.,[],0,0,1,100,0,STRIKEOUT,0,0,0,110,0,WALK,R1_NO_RUNNER_ACTION,EXACT,0.536761,1.57518,1.03842,MATCH,True,True,"Manual 2026-09-23: feed PA text agrees with the observed state (walk/strikeout, forced advances, any forced run); the corrected state is the mechanical alternative call; no runner action linked to the pitch."
TOP_25_MISSED_VALUE,823695:50:8,2026-06-12,OFFENSE,7,top,3-2,0,100,False,,Called Strike,Blaze Jordan called out on strikes.,[],0,0,1,100,0,STRIKEOUT,0,0,0,110,0,WALK,R1_NO_RUNNER_ACTION,EXACT,0.536761,1.57518,1.03842,MATCH,True,True,"Manual 2026-09-23: feed PA text agrees with the observed state (walk/strikeout, forced advances, any forced run); the corrected state is the mechanical alternative call; no runner action linked to the pitch."
LOWEST_10_CORRECTION_VALUE,823488:70:1,2026-03-28,OFFENSE,9,bottom,1-0,2,011,False,,Called Strike,Brandon Marsh singles on a sharp line drive to right fielder Brandon Nimmo. Edmundo Sosa scores. Adolis García scores.,[],1,1,2,011,0,CONTINUES,2,0,2,011,0,CONTINUES,R1_NO_RUNNER_ACTION,EXACT,0.51732,0.432639,-0.0846813,MATCH,True,True,"Manual 2026-09-23: negative value reviewed; states are correct and runner events are equal, so the sign comes from primary RE288 state ordering in a sparse cell (re_ordering_violation). Pooled-count sensitivity value is positive."
LOWEST_10_CORRECTION_VALUE,824599:24:2,2026-05-17,DEFENSE,3,top,1-0,2,011,False,,Ball,Pete Crow-Armstrong lines out to right fielder Derek Hill.,[],2,0,2,011,0,CONTINUES,1,1,2,011,0,CONTINUES,R1_NO_RUNNER_ACTION,EXACT,0.432639,0.51732,-0.0846813,MATCH,True,True,"Manual 2026-09-23: negative value reviewed; states are correct and runner events are equal, so the sign comes from primary RE288 state ordering in a sparse cell (re_ordering_violation). Pooled-count sensitivity value is positive."
LOWEST_10_CORRECTION_VALUE,822721:64:3,2026-06-17,OFFENSE,8,top,1-0,2,011,True,OVERTURNED,Ball,Jac Caglianone flies out to right fielder James Wood.,[],1,1,2,011,0,CONTINUES,2,0,2,011,0,CONTINUES,R1_NO_RUNNER_ACTION,EXACT,0.51732,0.432639,-0.0846813,MATCH,True,True,"Manual 2026-09-23: negative value reviewed; states are correct and runner events are equal, so the sign comes from primary RE288 state ordering in a sparse cell (re_ordering_violation). Pooled-count sensitivity value is positive."
LOWEST_10_CORRECTION_VALUE,824363:38:1,2026-05-04,OFFENSE,6,top,1-0,2,011,False,,Called Strike,Mark Vientos singles on a line drive to center fielder Brenton Doyle. Luis Torrens scores. Juan Soto scores.,[],1,1,2,011,0,CONTINUES,2,0,2,011,0,CONTINUES,R1_NO_RUNNER_ACTION,EXACT,0.51732,0.432639,-0.0846813,MATCH,True,True,"Manual 2026-09-23: negative value reviewed; states are correct and runner events are equal, so the sign comes from primary RE288 state ordering in a sparse cell (re_ordering_violation). Pooled-count sensitivity value is positive."
LOWEST_10_CORRECTION_VALUE,824441:18:1,2026-05-11,OFFENSE,2,bottom,1-0,2,101,False,,Called Strike,Steven Kwan grounds out to first baseman Nolan Schanuel.,"[""Brayan Rocchio steals (7) 2nd base.""]",1,1,2,011,0,CONTINUES,2,0,2,011,0,CONTINUES,R2_RUNNER_OUTCOME_STANDS,RULE_BASED,0.51732,0.432639,-0.0846813,MATCH,True,True,"Manual 2026-09-23: negative value reviewed; states are correct and runner events are equal, so the sign comes from primary RE288 state ordering in a sparse cell (re_ordering_violation). Pooled-count sensitivity value is positive."
LOWEST_10_CORRECTION_VALUE,823989:91:1,2026-08-25,OFFENSE,10,top,1-0,2,011,True,OVERTURNED,Ball,"Angel Martínez grounds out, pitcher Blake Weiman to first baseman Vaughn Grissom.",[],1,1,2,011,0,CONTINUES,2,0,2,011,0,CONTINUES,R1_NO_RUNNER_ACTION,EXACT,0.51732,0.432639,-0.0846813,MATCH,True,True,"Manual 2026-09-23: negative value reviewed; states are correct and runner events are equal, so the sign comes from primary RE288 state ordering in a sparse cell (re_ordering_violation). Pooled-count sensitivity value is positive."
LOWEST_10_CORRECTION_VALUE,824417:55:1,2026-07-03,DEFENSE,7,bottom,1-0,2,011,False,,Ball,Travis Bazzana strikes out on a foul tip.,[],2,0,2,011,0,CONTINUES,1,1,2,011,0,CONTINUES,R1_NO_RUNNER_ACTION,EXACT,0.432639,0.51732,-0.0846813,MATCH,True,True,"Manual 2026-09-23: negative value reviewed; states are correct and runner events are equal, so the sign comes from primary RE288 state ordering in a sparse cell (re_ordering_violation). Pooled-count sensitivity value is positive."
LOWEST_10_CORRECTION_VALUE,823828:79:1,2026-08-24,OFFENSE,9,top,1-0,2,011,False,,Called Strike,"Adley Rutschman grounds out, shortstop Otto Lopez to first baseman Kyle Stowers.",[],1,1,2,011,0,CONTINUES,2,0,2,011,0,CONTINUES,R1_NO_RUNNER_ACTION,EXACT,0.51732,0.432639,-0.0846813,MATCH,True,True,"Manual 2026-09-23: negative value reviewed; states are correct and runner events are equal, so the sign comes from primary RE288 state ordering in a sparse cell (re_ordering_violation). Pooled-count sensitivity value is positive."
LOWEST_10_CORRECTION_VALUE,824071:53:1,2026-08-23,DEFENSE,6,top,1-0,2,110,False,,Ball,"Gleyber Torres grounds out, third baseman Nick Loftin to first baseman Vinnie Pasquantino.","[""Ben Malgeri steals (1) 3rd base. Max Clark steals (1) 2nd base.""]",2,0,2,011,0,CONTINUES,1,1,2,011,0,CONTINUES,R2_RUNNER_OUTCOME_STANDS,RULE_BASED,0.432639,0.51732,-0.0846813,MATCH,True,True,"Manual 2026-09-23: negative value reviewed; states are correct and runner events are equal, so the sign comes from primary RE288 state ordering in a sparse cell (re_ordering_violation). Pooled-count sensitivity value is positive."
LOWEST_10_CORRECTION_VALUE,822861:30:1,2026-08-20,OFFENSE,4,bottom,1-0,2,011,False,,Called Strike,Evan Carter strikes out swinging.,[],1,1,2,011,0,CONTINUES,2,0,2,011,0,CONTINUES,R1_NO_RUNNER_ACTION,EXACT,0.51732,0.432639,-0.0846813,MATCH,True,True,"Manual 2026-09-23: negative value reviewed; states are correct and runner events are equal, so the sign comes from primary RE288 state ordering in a sparse cell (re_ordering_violation). Pooled-count sensitivity value is positive."
MOST_NEGATIVE_RE_DELTA_BATTING,822975:12:5,2026-05-30,OFFENSE,1,bottom,3-2,1,111,False,,Called Strike,Ben Williamson called out on strikes.,[],0,0,2,111,0,STRIKEOUT,0,0,1,111,1,WALK,R1_NO_RUNNER_ACTION,EXACT,0.758411,2.67551,1.9171,MATCH,True,True,"Manual 2026-09-23: feed PA text agrees with the observed state (walk/strikeout, forced advances, any forced run); the corrected state is the mechanical alternative call; no runner action linked to the pitch."
MOST_NEGATIVE_RE_DELTA_BATTING,824364:45:6,2026-05-03,OFFENSE,5,top,3-2,1,111,True,OVERTURNED,Ball,"Eli White challenged (pitch result), call on the field was overturned: Eli White walks. Ozzie Albies scores. Matt Olson to 3rd. Austin Riley to 2nd.",[],0,0,2,111,0,STRIKEOUT,0,0,1,111,1,WALK,R1_NO_RUNNER_ACTION,EXACT,0.758411,2.67551,1.9171,MATCH,True,True,Manual 2026-09-23: feed text shows the challenge overturned; the feed-recorded outcome equals the corrected state and the incorrect-call (observed) state is the reconstructed alternative. Terminal count; no runner action on the pitch.
MOST_NEGATIVE_RE_DELTA_BATTING,824050:16:5,2026-04-08,OFFENSE,2,bottom,3-2,0,111,True,OVERTURNED,Ball,"Logan O'Hoppe challenged (pitch result), call on the field was overturned: Logan O'Hoppe walks. Yoán Moncada scores. Jo Adell to 3rd. Josh Lowe to 2nd.",[],0,0,1,111,0,STRIKEOUT,0,0,0,111,1,WALK,R1_NO_RUNNER_ACTION,EXACT,1.67551,3.51984,1.84433,MATCH,True,True,Manual 2026-09-23: feed text shows the challenge overturned; the feed-recorded outcome equals the corrected state and the incorrect-call (observed) state is the reconstructed alternative. Terminal count; no runner action on the pitch.
MOST_NEGATIVE_RE_DELTA_BATTING,824355:33:8,2026-05-20,OFFENSE,4,bottom,3-2,2,111,True,OVERTURNED,Ball,"Kyle Karros challenged (pitch result), call on the field was overturned: Kyle Karros walks. Troy Johnston scores. Ezequiel Tovar to 3rd. Edouard Julien to 2nd.",[],0,0,3,000,0,STRIKEOUT,0,0,2,111,1,WALK,R1_NO_RUNNER_ACTION,EXACT,0,1.75841,1.75841,MATCH,True,True,Manual 2026-09-23: feed text shows the challenge overturned; the feed-recorded outcome equals the corrected state and the incorrect-call (observed) state is the reconstructed alternative. Terminal count; no runner action on the pitch.
MOST_NEGATIVE_RE_DELTA_BATTING,824175:37:7,2026-06-30,OFFENSE,4,bottom,3-2,2,111,True,OVERTURNED,Ball,"Jose Altuve challenged (pitch result), call on the field was overturned: Jose Altuve walks. Taylor Trammell scores. Yainer Diaz to 3rd. Raynel Delgado to 2nd.",[],0,0,3,000,0,STRIKEOUT,0,0,2,111,1,WALK,R1_NO_RUNNER_ACTION,EXACT,0,1.75841,1.75841,MATCH,True,True,Manual 2026-09-23: feed text shows the challenge overturned; the feed-recorded outcome equals the corrected state and the incorrect-call (observed) state is the reconstructed alternative. Terminal count; no runner action on the pitch.
MOST_POSITIVE_RE_DELTA_BATTING,823281:35:9,2026-06-28,DEFENSE,5,top,3-2,1,111,False,,Ball,Freddie Freeman walks. Alex Freeland scores. Shohei Ohtani to 3rd. Andy Pages to 2nd.,[],0,0,1,111,1,WALK,0,0,2,111,0,STRIKEOUT,R1_NO_RUNNER_ACTION,EXACT,2.67551,0.758411,1.9171,MATCH,True,True,"Manual 2026-09-23: feed PA text agrees with the observed state (walk/strikeout, forced advances, any forced run); the corrected state is the mechanical alternative call; no runner action linked to the pitch."
MOST_POSITIVE_RE_DELTA_BATTING,825060:4:6,2026-07-17,DEFENSE,1,top,3-2,1,111,True,OVERTURNED,Called Strike,"Gabriel Moreno challenged (pitch result), call on the field was overturned: Lars Nootbaar called out on strikes.",[],0,0,1,111,1,WALK,0,0,2,111,0,STRIKEOUT,R1_NO_RUNNER_ACTION,EXACT,2.67551,0.758411,1.9171,MATCH,True,True,Manual 2026-09-23: feed text shows the challenge overturned; the feed-recorded outcome equals the corrected state and the incorrect-call (observed) state is the reconstructed alternative. Terminal count; no runner action on the pitch.
MOST_POSITIVE_RE_DELTA_BATTING,824696:12:5,2026-04-12,DEFENSE,2,top,3-2,1,111,True,OVERTURNED,Called Strike,"Carson Kelly challenged (pitch result), call on the field was overturned: Oneil Cruz called out on strikes.",[],0,0,1,111,1,WALK,0,0,2,111,0,STRIKEOUT,R1_NO_RUNNER_ACTION,EXACT,2.67551,0.758411,1.9171,MATCH,True,True,Manual 2026-09-23: feed text shows the challenge overturned; the feed-recorded outcome equals the corrected state and the incorrect-call (observed) state is the reconstructed alternative. Terminal count; no runner action on the pitch.
MOST_POSITIVE_RE_DELTA_BATTING,823155:12:7,2026-04-11,DEFENSE,2,top,3-2,1,111,True,OVERTURNED,Called Strike,"Cal Raleigh challenged (pitch result), call on the field was overturned: Yainer Diaz called out on strikes.",[],0,0,1,111,1,WALK,0,0,2,111,0,STRIKEOUT,R1_NO_RUNNER_ACTION,EXACT,2.67551,0.758411,1.9171,MATCH,True,True,Manual 2026-09-23: feed text shows the challenge overturned; the feed-recorded outcome equals the corrected state and the incorrect-call (observed) state is the reconstructed alternative. Terminal count; no runner action on the pitch.
MOST_POSITIVE_RE_DELTA_BATTING,824614:75:10,2026-04-16,DEFENSE,9,top,3-2,1,111,True,OVERTURNED,Called Strike,"Edgar Quero challenged (pitch result), call on the field was overturned: Jake Fraley called out on strikes.",[],0,0,1,111,1,WALK,0,0,2,111,0,STRIKEOUT,R1_NO_RUNNER_ACTION,EXACT,2.67551,0.758411,1.9171,MATCH,True,True,Manual 2026-09-23: feed text shows the challenge overturned; the feed-recorded outcome equals the corrected state and the incorrect-call (observed) state is the reconstructed alternative. Terminal count; no runner action on the pitch.
RANDOM_AMBIGUOUS,822969:7:5,2026-06-09,DEFENSE,1,bottom,0-2,2,101,False,,Ball,"Austin Slater grounds out, shortstop Marcelo Mayer to first baseman Willson Contreras.","[""Passed ball by catcher Mickey Gasper. Ryan Vilade to 2nd.""]",1,2,2,011,0,CONTINUES,,,,,,,R4_UNCAUGHT_THIRD_STRIKE,AMBIGUOUS,0.359967,,,MATCH,True,True,"Manual: passed ball on a 0-2 incorrect ball; strike three would be uncaught, so dropped-third-strike alternatives are enumerated (R4). Correct."
RANDOM_AMBIGUOUS,823710:56:3,2026-05-13,DEFENSE,6,top,1-2,2,101,False,,Ball,Connor Norby strikes out on a foul tip.,"[""Kyle Stowers steals (1) 2nd base.""]",2,2,2,011,0,CONTINUES,,,,,,,R3_TERMINAL_CALL_RUNNER_ACTION,AMBIGUOUS,0.401217,,,MATCH,True,True,"Manual: steal of 2nd on a 1-2 incorrect ball; strike three would end the PA, so runner placement is at umpire discretion (R3). Correct."
RANDOM_AMBIGUOUS,824481:6:7,2026-08-06,DEFENSE,1,bottom,3-2,1,100,True,OVERTURNED,Called Strike,"Brian Serven challenged (pitch result), call on the field was overturned: Tyler Stephenson called out on strikes and JJ Bleday caught stealing 2nd, catcher Brian Serven to second baseman Jonathan Ornelas to catcher Brian Serven.",[],,,,,,,0,0,3,000,0,STRIKEOUT,R3_TERMINAL_CALL_RUNNER_ACTION,AMBIGUOUS,,0,,MATCH_HALF_ENDED,True,True,Manual: overturned called ball four to strike three on a 3-2 with a runner in motion; the reconstructed incorrect-call state is ambiguous (R3). Correct.
RANDOM_AMBIGUOUS,824162:74:4,2026-08-01,DEFENSE,8,bottom,0-2,2,111,False,,Ball In Dirt,Christian Walker strikes out swinging.,[],1,2,2,111,0,CONTINUES,,,,,,,R4_UNCAUGHT_THIRD_STRIKE,AMBIGUOUS,0.559206,,,MATCH,True,True,Manual: ball in dirt ('*B') on 0-2; strike three may not have been caught (R4). Correct.
RANDOM_AMBIGUOUS,825091:19:4,2026-05-06,DEFENSE,3,top,1-2,2,100,False,,Ball,Nick Gonzales strikes out swinging.,"[""Bryan Reynolds steals (2) 2nd base.""]",2,2,2,010,0,CONTINUES,,,,,,,R3_TERMINAL_CALL_RUNNER_ACTION,AMBIGUOUS,0.248911,,,MATCH,True,True,Manual: steal on 1-2 incorrect ball; R3 alternatives. Correct.
RANDOM_AMBIGUOUS,824511:65:4,2026-06-02,DEFENSE,9,top,1-2,2,100,False,,Ball,Carter Jensen strikes out swinging.,"[""Bobby Witt Jr. steals (19) 2nd base.""]",2,2,2,010,0,CONTINUES,,,,,,,R3_TERMINAL_CALL_RUNNER_ACTION,AMBIGUOUS,0.248911,,,MATCH,True,True,Manual: Witt steal on 1-2 incorrect ball; R3 alternatives. Correct.
RANDOM_AMBIGUOUS,824635:14:6,2026-08-31,OFFENSE,2,top,3-2,1,100,False,,Called Strike,"Sal Frelick called out on strikes and Garrett Mitchell caught stealing 2nd, catcher Carson Kelly to shortstop Nico Hoerner to catcher Carson Kelly.",[],0,0,3,000,0,STRIKEOUT,,,,,,,R3_TERMINAL_CALL_RUNNER_ACTION,AMBIGUOUS,0,,,MATCH_HALF_ENDED,True,True,"Manual: called strike three plus caught stealing (inning over); the corrected ball would be ball four, so placement is at umpire discretion (R3). Correct."
RANDOM_AMBIGUOUS,823151:73:5,2026-04-18,DEFENSE,8,bottom,2-2,1,100,False,,Ball,Leo Rivas out on a sacrifice fly to center fielder Evan Carter. Cole Young scores.,"[""Cole Young steals (1) 2nd base. Cole Young to 3rd. Cole Young advances to 3rd, on a throwing error by catcher Kyle Higashioka.""]",3,2,1,001,0,CONTINUES,,,,,,,R3_TERMINAL_CALL_RUNNER_ACTION,AMBIGUOUS,0.89432,,,MATCH,True,True,Manual: steal plus further advance on 2-2 incorrect ball; R3 alternatives. Correct.
RANDOM_AMBIGUOUS,823510:64:5,2026-08-21,DEFENSE,8,bottom,2-2,1,100,False,,Ball,George Lombard Jr. strikes out swinging.,"[""Passed ball by catcher Alejandro Kirk. Ben Rice to 2nd.""]",3,2,1,010,0,CONTINUES,,,,,,,R4_UNCAUGHT_THIRD_STRIKE,AMBIGUOUS,0.673938,,,MATCH,True,True,Manual: passed ball on 2-2 incorrect ball; R4 dropped-third-strike alternatives. Correct.
RANDOM_AMBIGUOUS,823377:30:3,2026-05-29,DEFENSE,3,bottom,1-2,2,100,False,,Ball,Endy Rodríguez called out on strikes.,"[""Konnor Griffin steals (13) 2nd base.""]",2,2,2,010,0,CONTINUES,,,,,,,R3_TERMINAL_CALL_RUNNER_ACTION,AMBIGUOUS,0.248911,,,MATCH,True,True,Manual: steal on 1-2 incorrect ball; R3. Correct.
RANDOM_RULE_BASED,825071:29:1,2026-06-15,DEFENSE,4,bottom,0-0,0,100,False,,Ball,"Gabriel Moreno grounds out sharply, shortstop Zach Neto to first baseman Nolan Schanuel.","[""Corbin Carroll steals (9) 2nd base. Corbin Carroll to 3rd. Corbin Carroll advances to 3rd, on a throwing error by catcher Logan O'Hoppe.""]",1,0,0,001,0,CONTINUES,0,1,0,001,0,CONTINUES,R2_RUNNER_OUTCOME_STANDS,RULE_BASED,1.54037,1.34231,0.198062,MATCH,True,True,"Manual: steal and advance to 3rd on 0-0 ball; outcome stands, count changes only (R2). Correct."
RANDOM_RULE_BASED,824331:58:2,2026-07-18,DEFENSE,7,top,0-1,2,110,False,,Ball,Nathaniel Lowe singles on a sharp ground ball to center fielder Cole Carrigg. Noelvi Marte scores. Dane Myers to 3rd.,"[""Noelvi Marte steals (5) 3rd base.""]",1,1,2,101,0,CONTINUES,0,2,2,101,0,CONTINUES,R2_RUNNER_OUTCOME_STANDS,RULE_BASED,0.569409,0.375998,0.193411,MATCH,True,True,Manual: steal of 3rd on 0-1; R2 preserved. Correct.
RANDOM_RULE_BASED,823251:16:2,2026-09-09,OFFENSE,3,top,1-0,0,100,False,,Called Strike,Jacob Young singles on a line drive to center fielder Jackson Merrill. Nasim Nuñez to 3rd.,"[""Nasim Nu\u00f1ez steals (46) 2nd base.""]",1,1,0,010,0,CONTINUES,2,0,0,010,0,CONTINUES,R2_RUNNER_OUTCOME_STANDS,RULE_BASED,1.1354,1.32499,0.189589,MATCH,True,True,Manual: Nunez steal on 1-0 incorrect strike; R2 preserved. Correct.
RANDOM_RULE_BASED,824363:5:1,2026-05-04,DEFENSE,1,bottom,0-1,1,100,False,,Ball,TJ Rumfield flies out to right fielder MJ Melendez. Tyler Freeman to 3rd.,"[""Tyler Freeman steals (3) 2nd base.""]",1,1,1,010,0,CONTINUES,0,2,1,010,0,CONTINUES,R2_RUNNER_OUTCOME_STANDS,RULE_BASED,0.656788,0.51859,0.138198,MATCH,True,True,Manual: steal on 0-1; R2 preserved. Correct.
RANDOM_RULE_BASED,825013:34:2,2026-05-03,DEFENSE,5,top,1-1,1,100,False,,Ball,Kyle Manzardo flies out to right fielder Colby Thomas.,"[""Jos\u00e9 Ram\u00edrez caught stealing 2nd base, catcher Austin Wynns to shortstop Jacob Wilson.""]",2,1,2,000,0,CONTINUES,1,2,2,000,0,CONTINUES,R2_RUNNER_OUTCOME_STANDS,RULE_BASED,0.119975,0.0715106,0.0484639,MATCH,True,True,"Manual: caught stealing on 1-1 incorrect ball; out stands, count changes (R2). Correct."
RANDOM_RULE_BASED,822853:67:0,2026-09-03,OFFENSE,9,top,0-0,2,100,True,OVERTURNED,Ball,"Elias Díaz challenged (pitch result), call on the field was confirmed: Cedric Mullins walks.","[""Cedric Mullins challenged (pitch result), call on the field was overturned: Jonny DeLuca advances to 2nd on defensive indifference.""]",0,1,2,010,0,CONTINUES,1,0,2,010,0,CONTINUES,R2_RUNNER_OUTCOME_STANDS,RULE_BASED,0.274307,0.362824,0.0885178,MATCH,True,True,Manual: attached description begins with challenge text but the event is defensive indifference (feed prepends the review result); runner advance preserved (R2). Correct; not a mislinked challenge event.
RANDOM_RULE_BASED,824977:15:2,2026-07-27,DEFENSE,2,bottom,1-1,1,110,False,,Ball,"Lawrence Butler grounds out, shortstop Andruw Monasterio to first baseman Willson Contreras.","[""Henry Bolte caught stealing 3rd base, catcher Connor Wong to third baseman Caleb Durbin. Alika Williams to 2nd.""]",2,1,2,010,0,CONTINUES,1,2,2,010,0,CONTINUES,R2_RUNNER_OUTCOME_STANDS,RULE_BASED,0.321498,0.220165,0.101333,MATCH,True,True,Manual: caught stealing 3rd on 1-1; R2. Correct.
RANDOM_RULE_BASED,825099:80:1,2026-04-21,OFFENSE,9,bottom,0-1,0,100,False,,Called Strike,Nolan Arenado singles on a fly ball to left fielder Sam Antonacci. Jose Fernandez to 3rd.,"[""Jose Fernandez advances to 2nd on defensive indifference.""]",0,2,0,010,0,CONTINUES,1,1,0,010,0,CONTINUES,R2_RUNNER_OUTCOME_STANDS,RULE_BASED,1.04847,1.1354,0.0869325,MATCH,True,True,Manual: defensive indifference on 0-1; R2. Correct.
RANDOM_RULE_BASED,824782:26:3,2026-04-04,DEFENSE,3,bottom,1-1,1,100,False,,Ball,"Trevor Story grounds out, third baseman Manny Machado to first baseman Ty France.","[""Ceddanne Rafaela caught stealing 2nd base, catcher Freddy Fermin to second baseman Jake Cronenworth.""]",2,1,2,000,0,CONTINUES,1,2,2,000,0,CONTINUES,R2_RUNNER_OUTCOME_STANDS,RULE_BASED,0.119975,0.0715106,0.0484639,MATCH,True,True,Manual: caught stealing 2nd on 1-1; R2. Correct.
RANDOM_RULE_BASED,824889:25:3,2026-08-05,DEFENSE,3,bottom,2-1,2,100,True,OVERTURNED,Called Strike,Lane Thomas walks.,"[""Joe Mack challenged (pitch result), call on the field was overturned: Mauricio Dub\u00f3n steals (5) 2nd base.""]",3,1,2,010,0,CONTINUES,2,2,2,010,0,CONTINUES,R2_RUNNER_OUTCOME_STANDS,RULE_BASED,0.323963,0.248911,0.0750516,MATCH,True,True,Manual: challenge-prefixed description on a linked baserunning action; R2 preserved. Correct.
RANDOM_ALL,823800:49:1,2026-04-24,OFFENSE,7,bottom,1-0,2,000,False,,Called Strike,Jake Bauers singles on a ground ball to center fielder Oneil Cruz.,[],1,1,2,000,0,CONTINUES,2,0,2,000,0,CONTINUES,R1_NO_RUNNER_ACTION,EXACT,0.0937877,0.146712,0.0529238,MATCH,True,True,
RANDOM_ALL,823269:28:1,2026-08-01,DEFENSE,3,bottom,0-1,2,100,True,OVERTURNED,Called Strike,Jackson Merrill strikes out swinging.,[],1,1,2,100,0,CONTINUES,0,2,2,100,0,CONTINUES,R1_NO_RUNNER_ACTION,EXACT,0.23173,0.134578,0.0971519,MATCH,True,True,
RANDOM_ALL,823900:62:1,2026-09-09,OFFENSE,7,bottom,0-0,0,100,False,,Called Strike,Eliezer Alfonzo strikes out on a foul tip.,[],0,1,0,100,0,CONTINUES,1,0,0,100,0,CONTINUES,R1_NO_RUNNER_ACTION,EXACT,0.853368,0.905823,0.0524544,MATCH,True,True,
RANDOM_ALL,823067:24:2,2026-05-02,OFFENSE,3,bottom,1-0,0,000,False,,Called Strike,Nolan Gorman strikes out swinging.,[],1,1,0,000,0,CONTINUES,2,0,0,000,0,CONTINUES,R1_NO_RUNNER_ACTION,EXACT,0.48566,0.647337,0.161677,MATCH,True,True,
RANDOM_ALL,823749:65:0,2026-08-18,DEFENSE,7,bottom,0-0,1,111,False,,Ball,"Andrew Vaughn reaches on a fielder's choice out, third baseman Weston Wilson to second baseman Cole Young. Joey Ortiz scores. David Hamilton to 3rd. Brandon Lockridge out at 2nd. Andrew Vaughn advances to 1st, on a missed catch error by first baseman Josh Naylor, assist to second baseman Cole Young.",[],1,0,1,111,0,CONTINUES,0,1,1,111,0,CONTINUES,R1_NO_RUNNER_ACTION,EXACT,1.749,1.57626,0.172744,MATCH,True,True,
RANDOM_ALL,824023:43:1,2026-06-09,OFFENSE,4,bottom,0-1,2,110,True,OVERTURNED,Ball,Denzer Guzman lines out to first baseman Christian Walker.,[],0,2,2,110,0,CONTINUES,1,1,2,110,0,CONTINUES,R1_NO_RUNNER_ACTION,EXACT,0.309942,0.415062,0.10512,MATCH,True,True,
RANDOM_ALL,824063:57:1,2026-09-08,DEFENSE,8,top,0-1,0,100,False,,Ball,Gabriel Moreno singles on a sharp ground ball to right fielder John Rave. Ketel Marte to 3rd.,[],1,1,0,100,0,CONTINUES,0,2,0,100,0,CONTINUES,R1_NO_RUNNER_ACTION,EXACT,0.875226,0.724802,0.150424,MATCH,True,True,
RANDOM_ALL,824243:37:0,2026-07-28,OFFENSE,5,top,0-0,0,000,False,,Called Strike,Jackson Holliday singles on a ground ball to third baseman Colt Keith.,[],0,1,0,000,0,CONTINUES,1,0,0,000,0,CONTINUES,R1_NO_RUNNER_ACTION,EXACT,0.451113,0.552282,0.101169,MATCH,True,True,
RANDOM_ALL,823562:51:3,2026-04-14,OFFENSE,7,top,2-1,2,000,False,,Called Strike,Vaughn Grissom walks.,[],2,2,2,000,0,CONTINUES,3,1,2,000,0,CONTINUES,R1_NO_RUNNER_ACTION,EXACT,0.094239,0.160308,0.0660691,MATCH,True,True,
RANDOM_ALL,824443:62:3,2026-05-08,OFFENSE,8,top,3-0,0,000,True,OVERTURNED,Ball,"Luke Keaschall challenged (pitch result), call on the field was overturned: Luke Keaschall walks.",[],3,1,0,000,0,CONTINUES,0,0,0,100,0,WALK,R1_NO_RUNNER_ACTION,EXACT,0.674612,0.891505,0.216894,MATCH,True,True,
RANDOM_ALL,823997:32:2,2026-08-11,OFFENSE,4,bottom,1-1,2,000,False,,Called Strike,Wade Meckler flies out to left fielder Wyatt Langford.,[],1,2,2,000,0,CONTINUES,2,1,2,000,0,CONTINUES,R1_NO_RUNNER_ACTION,EXACT,0.0715106,0.119975,0.0484639,MATCH,True,True,
RANDOM_ALL,822743:76:0,2026-05-05,DEFENSE,9,top,0-0,1,110,False,,Ball,Brooks Lee doubles (4) on a line drive to left fielder Daylen Lile. Kody Clemens scores. Luke Keaschall to 3rd.,[],1,0,1,110,0,CONTINUES,0,1,1,110,0,CONTINUES,R1_NO_RUNNER_ACTION,EXACT,1.01657,0.845072,0.171495,MATCH,True,True,
RANDOM_ALL,823599:24:0,2026-07-26,OFFENSE,3,bottom,0-0,0,000,False,,Called Strike,Francisco Lindor flies out to left fielder Teoscar Hernández.,[],0,1,0,000,0,CONTINUES,1,0,0,000,0,CONTINUES,R1_NO_RUNNER_ACTION,EXACT,0.451113,0.552282,0.101169,MATCH,True,True,
RANDOM_ALL,824255:15:2,2026-06-26,DEFENSE,3,top,0-1,1,000,True,OVERTURNED,Called Strike,"Cam Smith grounds out, pitcher Keider Montero to first baseman Spencer Torkelson.",[],1,1,1,000,0,CONTINUES,0,2,1,000,0,CONTINUES,R1_NO_RUNNER_ACTION,EXACT,0.260237,0.19583,0.0644069,MATCH,True,True,
RANDOM_ALL,824427:21:1,2026-06-08,DEFENSE,3,bottom,0-1,0,100,False,,Ball,Patrick Bailey doubles (3) on a sharp line drive to left fielder Cody Bellinger. Steven Kwan to 3rd.,[],1,1,0,100,0,CONTINUES,0,2,0,100,0,CONTINUES,R1_NO_RUNNER_ACTION,EXACT,0.875226,0.724802,0.150424,MATCH,True,True,
RANDOM_ALL,823621:32:5,2026-05-31,OFFENSE,4,bottom,2-1,0,000,False,,Called Strike,"Calvin Faucher challenged (pitch result), call on the field was overturned: Jared Young called out on strikes.",[],2,2,0,000,0,CONTINUES,3,1,0,000,0,CONTINUES,R1_NO_RUNNER_ACTION,EXACT,0.463666,0.674612,0.210946,MATCH,True,True,
RANDOM_ALL,823803:41:6,2026-04-15,DEFENSE,6,bottom,3-2,1,000,False,,Ball,Brice Turang walks.,[],0,0,1,100,0,WALK,0,0,2,000,0,STRIKEOUT,R1_NO_RUNNER_ACTION,EXACT,0.536761,0.102402,0.434359,MATCH,True,True,
RANDOM_ALL,822837:14:0,2026-03-29,DEFENSE,3,top,0-0,1,000,False,,Ball,"Austin Wynns grounds out, shortstop Andrés Giménez to first baseman Vladimir Guerrero Jr.",[],1,0,1,000,0,CONTINUES,0,1,1,000,0,CONTINUES,R1_NO_RUNNER_ACTION,EXACT,0.304771,0.238898,0.065873,MATCH,True,True,
RANDOM_ALL,824716:13:1,2026-09-01,OFFENSE,2,top,0-0,1,110,True,OVERTURNED,Ball,Randy Arozarena homers (22) on a fly ball to left field. Lazaro Montes scores. Brock Rodden scores.,[],0,1,1,110,0,CONTINUES,1,0,1,110,0,CONTINUES,R1_NO_RUNNER_ACTION,EXACT,0.845072,1.01657,0.171495,MATCH,True,True,
RANDOM_ALL,824825:0:6,2026-06-27,DEFENSE,1,top,2-1,0,000,False,,Ball,James Wood walks.,[],3,1,0,000,0,CONTINUES,2,2,0,000,0,CONTINUES,R1_NO_RUNNER_ACTION,EXACT,0.674612,0.463666,0.210946,MATCH,True,True,
