outs,base_state,re24,n_plate_appearances
0,000,0.50335,36718
0,001,1.43878,196
0,010,1.20011,1864
0,011,2.03133,415
0,100,0.891525,8850
0,101,1.76806,720
0,110,1.57492,2209
0,111,2.52259,664
1,000,0.269182,26718
1,001,0.92924,961
1,010,0.682187,3329
1,011,1.36381,1072
1,100,0.536753,10938
1,101,1.18215,1625
1,110,0.941915,3822
1,111,1.6763,1384
2,000,0.102405,21083
2,001,0.387423,1781
2,010,0.320377,4451
2,011,0.519105,1073
2,100,0.234569,11114
2,101,0.524541,2343
2,110,0.453947,4712
2,111,0.759008,1693
