game_pk,source_scope,game_date,braves_runs,opponent_runs,opponent_first_inning_runs
822686,SNAPSHOT,2026-09-02,9,0,0
822687,SNAPSHOT,2026-09-01,5,9,0
822745,SNAPSHOT,2026-04-23,7,2,1
822747,SNAPSHOT,2026-04-21,4,11,3
822748,SNAPSHOT,2026-04-22,8,6,4
822749,SNAPSHOT,2026-04-20,9,4,2
823029,SNAPSHOT,2026-07-12,4,3,1
823030,SNAPSHOT,2026-07-11,1,4,3
823033,SNAPSHOT,2026-07-10,1,2,0
823141,SNAPSHOT,2026-05-06,1,3,0
823142,SNAPSHOT,2026-05-05,3,2,0
823143,SNAPSHOT,2026-05-04,4,5,0
823204,SNAPSHOT,2026-06-28,2,3,0
823206,SNAPSHOT,2026-06-26,3,1,1
823207,SNAPSHOT,2026-06-27,0,5,0
823284,SNAPSHOT,2026-06-24,2,5,0
823286,SNAPSHOT,2026-06-23,6,7,0
823288,SNAPSHOT,2026-06-22,0,1,0
823359,SNAPSHOT,2026-07-09,10,5,0
823360,SNAPSHOT,2026-07-08,3,0,0
823361,SNAPSHOT,2026-07-07,4,12,4
823415,SNAPSHOT,2026-09-07,0,1,0
823417,SNAPSHOT,2026-09-06,5,4,2
823418,SNAPSHOT,2026-09-04,5,2,0
823419,SNAPSHOT,2026-09-05,2,4,2
823474,SNAPSHOT,2026-04-18,3,1,0
823475,SNAPSHOT,2026-04-19,4,2,2
823476,SNAPSHOT,2026-04-17,9,0,0
823513,SNAPSHOT,2026-08-09,2,1,0
823514,SNAPSHOT,2026-08-08,4,5,0
823515,SNAPSHOT,2026-08-07,2,3,0
823596,SNAPSHOT,2026-07-29,2,3,0
823597,SNAPSHOT,2026-07-27,3,14,1
823598,SNAPSHOT,2026-07-29,1,0,0
823615,SNAPSHOT,2026-06-14,1,8,4
823616,SNAPSHOT,2026-06-13,3,1,0
823617,SNAPSHOT,2026-06-12,5,7,2
823664,SNAPSHOT,2026-08-19,4,6,0
823667,SNAPSHOT,2026-08-18,1,4,2
823668,SNAPSHOT,2026-08-17,2,4,4
823743,SNAPSHOT,2026-08-22,1,4,0
823745,SNAPSHOT,2026-08-23,4,2,0
823746,SNAPSHOT,2026-08-21,1,2,0
823864,SNAPSHOT,2026-05-21,9,3,0
823865,SNAPSHOT,2026-05-19,8,4,3
823866,SNAPSHOT,2026-05-20,9,1,1
823867,SNAPSHOT,2026-05-18,0,12,0
823954,SNAPSHOT,2026-05-10,7,2,0
823955,SNAPSHOT,2026-05-09,7,2,0
823957,SNAPSHOT,2026-05-08,1,3,0
824050,SNAPSHOT,2026-04-08,8,2,0
824051,SNAPSHOT,2026-04-07,7,2,2
824052,SNAPSHOT,2026-04-06,2,6,1
824137,POST_SNAPSHOT_CASE_STUDY_ONLY,2026-09-19,6,3,1
824138,POST_SNAPSHOT_CASE_STUDY_ONLY,2026-09-18,6,2,0
824139,POST_SNAPSHOT_CASE_STUDY_ONLY,2026-09-20,4,2,0
824364,SNAPSHOT,2026-05-03,11,6,1
824365,SNAPSHOT,2026-05-02,9,1,0
824366,SNAPSHOT,2026-05-01,8,6,5
824512,SNAPSHOT,2026-05-31,4,6,1
824513,SNAPSHOT,2026-05-30,5,2,0
824515,SNAPSHOT,2026-05-29,8,3,0
824589,SNAPSHOT,2026-08-20,2,0,0
824590,SNAPSHOT,2026-06-10,1,2,0
824591,SNAPSHOT,2026-06-09,5,6,0
824626,POST_SNAPSHOT_CASE_STUDY_ONLY,2026-09-16,4,8,1
824627,POST_SNAPSHOT_CASE_STUDY_ONLY,2026-09-15,6,3,0
824629,POST_SNAPSHOT_CASE_STUDY_ONLY,2026-09-14,3,7,0
824756,SNAPSHOT,2026-05-27,0,8,0
824757,SNAPSHOT,2026-05-28,10,2,0
824758,SNAPSHOT,2026-05-26,7,6,2
824810,SNAPSHOT,2026-07-26,3,2,0
824811,SNAPSHOT,2026-07-25,2,3,0
824812,SNAPSHOT,2026-07-24,7,6,0
824867,POST_SNAPSHOT_CASE_STUDY_ONLY,2026-09-22,0,4,0
824868,POST_SNAPSHOT_CASE_STUDY_ONLY,2026-09-23,3,2,1
824869,POST_SNAPSHOT_CASE_STUDY_ONLY,2026-09-13,4,9,0
824870,POST_SNAPSHOT_CASE_STUDY_ONLY,2026-09-12,12,2,1
824871,SNAPSHOT,2026-09-09,2,7,0
824872,POST_SNAPSHOT_CASE_STUDY_ONLY,2026-09-10,3,1,0
824873,POST_SNAPSHOT_CASE_STUDY_ONLY,2026-09-11,6,5,0
824874,SNAPSHOT,2026-08-29,2,1,0
824875,SNAPSHOT,2026-09-08,1,7,1
824876,SNAPSHOT,2026-08-30,3,2,0
824877,SNAPSHOT,2026-08-28,6,4,0
824878,SNAPSHOT,2026-08-26,6,5,0
824879,SNAPSHOT,2026-08-27,1,0,0
824880,SNAPSHOT,2026-08-16,5,3,0
824881,SNAPSHOT,2026-08-25,4,3,0
824882,SNAPSHOT,2026-08-14,0,2,1
824883,SNAPSHOT,2026-08-12,6,3,0
824884,SNAPSHOT,2026-08-15,3,10,0
824885,SNAPSHOT,2026-08-06,11,3,0
824886,SNAPSHOT,2026-08-11,4,0,0
824887,SNAPSHOT,2026-08-10,5,8,5
824888,SNAPSHOT,2026-08-04,4,2,0
824889,SNAPSHOT,2026-08-05,4,1,0
824890,SNAPSHOT,2026-08-01,8,3,0
824891,SNAPSHOT,2026-08-02,4,2,0
824892,SNAPSHOT,2026-07-31,6,2,0
824893,SNAPSHOT,2026-07-23,6,5,0
824894,SNAPSHOT,2026-07-30,5,4,0
824895,SNAPSHOT,2026-07-21,3,8,1
824896,SNAPSHOT,2026-07-22,7,6,0
824897,SNAPSHOT,2026-07-19,8,5,0
824898,SNAPSHOT,2026-07-20,3,2,0
824899,SNAPSHOT,2026-07-18,6,7,1
824900,SNAPSHOT,2026-07-06,6,7,0
824901,SNAPSHOT,2026-07-17,15,1,0
824902,SNAPSHOT,2026-07-05,9,10,1
824903,SNAPSHOT,2026-07-04,14,3,0
824904,SNAPSHOT,2026-07-03,5,3,0
824905,SNAPSHOT,2026-07-01,5,1,1
824906,SNAPSHOT,2026-07-02,5,11,3
824907,SNAPSHOT,2026-06-30,3,5,0
824908,SNAPSHOT,2026-06-21,4,9,0
824909,SNAPSHOT,2026-06-20,4,3,0
824910,SNAPSHOT,2026-06-19,3,2,0
824911,SNAPSHOT,2026-08-31,3,7,1
824912,SNAPSHOT,2026-06-16,2,7,1
824913,SNAPSHOT,2026-06-17,5,7,1
824914,SNAPSHOT,2026-06-05,6,3,0
824915,SNAPSHOT,2026-06-06,6,3,0
824916,SNAPSHOT,2026-06-07,3,2,1
824917,SNAPSHOT,2026-06-03,7,3,1
824918,SNAPSHOT,2026-06-02,4,3,0
824919,SNAPSHOT,2026-06-04,2,7,0
824920,SNAPSHOT,2026-05-23,0,2,0
824921,SNAPSHOT,2026-05-24,1,2,0
824922,SNAPSHOT,2026-05-22,5,4,0
824923,SNAPSHOT,2026-05-17,8,1,0
824924,SNAPSHOT,2026-05-16,2,3,0
824925,SNAPSHOT,2026-05-15,3,2,0
824926,SNAPSHOT,2026-05-14,0,2,0
824927,SNAPSHOT,2026-05-12,5,2,0
824928,SNAPSHOT,2026-05-13,4,1,0
824929,SNAPSHOT,2026-04-30,2,5,0
824930,SNAPSHOT,2026-04-29,4,3,0
824931,SNAPSHOT,2026-04-28,5,2,0
824932,SNAPSHOT,2026-04-24,5,3,0
824933,SNAPSHOT,2026-04-25,5,8,1
824934,SNAPSHOT,2026-04-26,6,2,0
824935,SNAPSHOT,2026-04-14,6,5,1
824936,SNAPSHOT,2026-04-15,6,3,0
824937,SNAPSHOT,2026-04-13,4,10,0
824938,SNAPSHOT,2026-04-12,13,1,0
824939,SNAPSHOT,2026-04-11,0,6,1
824940,SNAPSHOT,2026-04-01,5,1,0
824941,SNAPSHOT,2026-04-10,11,5,0
824942,SNAPSHOT,2026-03-31,2,5,0
824943,SNAPSHOT,2026-03-30,4,0,0
824944,SNAPSHOT,2026-03-29,1,4,0
824945,SNAPSHOT,2026-03-28,6,2,0
824946,SNAPSHOT,2026-03-27,6,0,0
825102,SNAPSHOT,2026-04-05,5,6,1
825103,SNAPSHOT,2026-04-03,2,0,0
825104,SNAPSHOT,2026-04-04,1,2,0
825105,SNAPSHOT,2026-04-02,17,2,0
