list,batter_id,batter_name,opportunities,actual,expected,conditional_variance,actual_rate,expected_rate,above_expected,conditional_se,conditional_ci95_low,conditional_ci95_high,residual_rate,adjusted_rate,qualified,games,game_bootstrap_residual_rate_low,game_bootstrap_residual_rate_high,simultaneous_low,simultaneous_high,shrunken_residual_rate
above,593428,Xander Bogaerts,55,18,10.43063867,7.733119007,0.3272727273,0.1896479759,7.569361327,2.780848613,2.118898046,13.01982461,0.1376247514,0.3350388772,True,44,0.02099019609,0.2487626771,-0.1417130081,15.28043566,0.0720891555
above,672695,Geraldo Perdomo,53,16,11.08971645,7.335608624,0.3018867925,0.2092399331,4.910283546,2.708432872,-0.3982448842,10.21881198,0.09264685935,0.2900609852,True,46,-0.01006566171,0.197203271,-2.599987641,12.42055473,0.04767265578
above,608324,Alex Bregman,52,12,7.324746239,5.730181502,0.2307692308,0.1408605046,4.675253761,2.393779752,-0.01655455391,9.367062075,0.08990872616,0.287322852,True,42,-0.009363221387,0.1987901891,-1.962509089,11.31301661,0.04583582118
above,673548,Seiya Suzuki,51,11,9.238086812,6.862698089,0.2156862745,0.1811389571,1.761913188,2.619675188,-3.37265018,6.896476556,0.03454731741,0.2319614432,True,41,-0.06017633327,0.1358274473,-5.502239925,9.026066301,0.01744468503
below,545361,Mike Trout,67,5,13.22774906,8.860557497,0.07462686567,0.1974290905,-8.227749064,2.976668859,-14.06202003,-2.3934781,-0.1228022248,0.07461190098,True,51,-0.1808797485,-0.06736806026,-16.48181753,0.02631940256,-0.07032264157
below,650490,Yandy Díaz,50,0,7.395797779,5.497716757,0,0.1479159556,-7.395797779,2.34472104,-11.99145102,-2.80014454,-0.1479159556,0.04949817024,True,41,-0.182890737,-0.1162604156,-13.89752468,-0.8940708766,-0.07395797779
below,624413,Pete Alonso,62,7,11.28491494,8.020534196,0.1129032258,0.1820147572,-4.284914945,2.832054766,-9.835742286,1.265912396,-0.06911153137,0.1283025944,True,48,-0.1362501172,0.007969335225,-12.13797991,3.568150022,-0.03825816915
below,805367,Chase Meidroth,60,4,6.879148207,5.721184554,0.06666666667,0.1146524701,-2.879148207,2.391899779,-7.567271774,1.808975361,-0.04798580344,0.1494283224,True,49,-0.1059458344,0.00813632924,-9.511698039,3.753401626,-0.02617407461
below,672640,Otto Lopez,51,8,9.280549773,6.455754058,0.1568627451,0.1819715642,-1.280549773,2.540817596,-6.260552262,3.699452716,-0.02510881908,0.1723053067,True,46,-0.1081381595,0.0574955146,-8.326036992,5.764937445,-0.01267871063
highest_adjusted,593428,Xander Bogaerts,55,18,10.43063867,7.733119007,0.3272727273,0.1896479759,7.569361327,2.780848613,2.118898046,13.01982461,0.1376247514,0.3350388772,True,44,0.02099019609,0.2487626771,-0.1417130081,15.28043566,0.0720891555
highest_adjusted,672695,Geraldo Perdomo,53,16,11.08971645,7.335608624,0.3018867925,0.2092399331,4.910283546,2.708432872,-0.3982448842,10.21881198,0.09264685935,0.2900609852,True,46,-0.01006566171,0.197203271,-2.599987641,12.42055473,0.04767265578
highest_adjusted,608324,Alex Bregman,52,12,7.324746239,5.730181502,0.2307692308,0.1408605046,4.675253761,2.393779752,-0.01655455391,9.367062075,0.08990872616,0.287322852,True,42,-0.009363221387,0.1987901891,-1.962509089,11.31301661,0.04583582118
highest_adjusted,673548,Seiya Suzuki,51,11,9.238086812,6.862698089,0.2156862745,0.1811389571,1.761913188,2.619675188,-3.37265018,6.896476556,0.03454731741,0.2319614432,True,41,-0.06017633327,0.1358274473,-5.502239925,9.026066301,0.01744468503
lowest_adjusted,650490,Yandy Díaz,50,0,7.395797779,5.497716757,0,0.1479159556,-7.395797779,2.34472104,-11.99145102,-2.80014454,-0.1479159556,0.04949817024,True,41,-0.182890737,-0.1162604156,-13.89752468,-0.8940708766,-0.07395797779
lowest_adjusted,545361,Mike Trout,67,5,13.22774906,8.860557497,0.07462686567,0.1974290905,-8.227749064,2.976668859,-14.06202003,-2.3934781,-0.1228022248,0.07461190098,True,51,-0.1808797485,-0.06736806026,-16.48181753,0.02631940256,-0.07032264157
lowest_adjusted,624413,Pete Alonso,62,7,11.28491494,8.020534196,0.1129032258,0.1820147572,-4.284914945,2.832054766,-9.835742286,1.265912396,-0.06911153137,0.1283025944,True,48,-0.1362501172,0.007969335225,-12.13797991,3.568150022,-0.03825816915
lowest_adjusted,805367,Chase Meidroth,60,4,6.879148207,5.721184554,0.06666666667,0.1146524701,-2.879148207,2.391899779,-7.567271774,1.808975361,-0.04798580344,0.1494283224,True,49,-0.1059458344,0.00813632924,-9.511698039,3.753401626,-0.02617407461
lowest_adjusted,672640,Otto Lopez,51,8,9.280549773,6.455754058,0.1568627451,0.1819715642,-1.280549773,2.540817596,-6.260552262,3.699452716,-0.02510881908,0.1723053067,True,46,-0.1081381595,0.0574955146,-8.326036992,5.764937445,-0.01267871063
