bin,n,challenges,predicted,observed
"(0.020499999999999997, 0.0523]",283,9,0.04152390512,0.03180212014
"(0.0523, 0.069]",283,20,0.06025156952,0.07067137809
"(0.069, 0.0882]",283,25,0.07839134011,0.08833922261
"(0.0882, 0.109]",283,33,0.09831264177,0.1166077739
"(0.109, 0.138]",283,39,0.1236599556,0.1378091873
"(0.138, 0.176]",283,44,0.1568879794,0.1554770318
"(0.176, 0.225]",283,65,0.1982097472,0.2296819788
"(0.225, 0.291]",283,66,0.2552717738,0.2332155477
"(0.291, 0.413]",283,103,0.3439323167,0.3639575972
"(0.413, 0.894]",283,163,0.5475749541,0.5759717314
