term,log_odds,se_cluster_batter,odds_ratio,ci95_low,ci95_high,p_value,n
Intercept,-3.051121685,0.186290149,0.0473058324,0.0328355448,0.06815302722,2.731364945e-60,10755
C(miss_side)[T.ABOVE_INSIDE],0.08410192008,0.3766192312,1.087739751,0.5199314989,2.275641633,0.8232961469,10755
C(miss_side)[T.ABOVE_OUTSIDE],0.8253383739,0.2014141831,2.282653025,1.5381399,3.387536357,4.172444924e-05,10755
C(miss_side)[T.BELOW],0.5535029152,0.09670549257,1.739335102,1.43902188,2.102321473,1.042942117e-08,10755
C(miss_side)[T.BELOW_INSIDE],1.004687348,0.1962512963,2.731053271,1.859005887,4.012172323,3.065219762e-07,10755
C(miss_side)[T.BELOW_OUTSIDE],0.3273480163,0.1657013378,1.387284191,1.002582692,1.919599692,0.04820799767,10755
C(miss_side)[T.INSIDE],0.1497394136,0.1210831386,1.161531524,0.9161463308,1.472641908,0.2162110667,10755
C(miss_side)[T.OUTSIDE],0.04174208039,0.09669968848,1.042625531,0.8626158447,1.260199431,0.6659833351,10755
C(bat_side)[T.R],-0.003964564209,0.1122338886,0.9960432843,0.799363939,1.241114561,0.9718212842,10755
C(count)[T.0-1],1.014861256,0.09533251653,2.758980579,2.288766342,3.325797699,1.830207665e-26,10755
C(count)[T.0-2],2.153539055,0.1595085458,8.615294506,6.302258427,11.77725418,1.540818539e-41,10755
C(count)[T.1-0],0.4994501705,0.08166422217,1.647815004,1.40409257,1.933842787,9.601386081e-10,10755
C(count)[T.1-1],1.173436473,0.1015371358,3.233083977,2.649649439,3.944986778,6.826505232e-31,10755
C(count)[T.1-2],1.942015993,0.1293260923,6.972793913,5.411582206,8.984406611,5.731386513e-51,10755
C(count)[T.2-0],0.6168338867,0.1190325291,1.853051772,1.467462057,2.33995888,2.194468254e-07,10755
C(count)[T.2-1],1.247786783,0.1123236801,3.482626612,2.794453096,4.34027257,1.136147007e-28,10755
C(count)[T.2-2],2.132567821,0.1240125617,8.436502452,6.616110547,10.75776668,2.826204192e-66,10755
C(count)[T.3-0],-0.1934051126,0.2100150636,0.8241480337,0.5460596426,1.243856767,0.3570970683,10755
C(count)[T.3-1],1.475997444,0.1418640951,4.375397811,3.313314099,5.777932738,2.369767267e-25,10755
C(count)[T.3-2],2.609000472,0.1435874337,13.58546501,10.25304027,18.00098846,8.900832728e-74,10755
C(plate_side)[T.catcher_right]:C(bat_side)[L],-0.1510688059,0.1088534031,0.8597885381,0.6946010996,1.064260236,0.1651922103,10755
C(plate_side)[T.catcher_right]:C(bat_side)[R],-0.169174811,0.0938014642,0.8443612868,0.7025615243,1.014780853,0.07130325147,10755
"bs(abs_distance_inches, df=5, degree=3)[0]",0.198378994,0.259521543,1.219424461,0.7332461047,2.027963062,0.4446272411,10755
"bs(abs_distance_inches, df=5, degree=3)[1]",0.5135651726,0.1619889442,1.671238841,1.216615321,2.295745596,0.001522440229,10755
"bs(abs_distance_inches, df=5, degree=3)[2]",1.438448843,0.3415702599,4.21415393,2.157571827,8.231055447,2.539250117e-05,10755
"bs(abs_distance_inches, df=5, degree=3)[3]",3.148959564,0.6215469717,23.31179753,6.894678521,78.82019482,4.055671846e-07,10755
"bs(abs_distance_inches, df=5, degree=3)[4]",1.707903019,1.220685878,5.517379497,0.5042932476,60.36463239,0.1617728275,10755
