inning,opportunities,challenges,challenge_rate,ci95_low,ci95_high
1,1217,199,0.1635168447,0.1438029014,0.1853483212
2,1166,183,0.1569468268,0.1371985584,0.1789480921
3,1222,209,0.1710310966,0.1509584046,0.1931655894
4,1301,215,0.1652574942,0.1460665291,0.1864194261
5,1283,248,0.1932969602,0.1726179028,0.2158071479
6,1239,247,0.199354318,0.1780528821,0.2225142661
7,1290,303,0.2348837209,0.21255821,0.2587835102
8,1110,238,0.2144144144,0.1912768447,0.239521861
9,810,229,0.2827160494,0.2527861885,0.3146971386
10,79,27,0.3417721519,0.2467097322,0.4515090057
11,26,11,0.4230769231,0.2554444331,0.6105138625
12,12,3,0.25,0.08894166839,0.5323053349
