model,period,n,challenges,log_loss,brier,auc,calibration_intercept,calibration_slope
A,validation,1794,359,0.4820565256,0.1539715068,0.6390127435,0.1654200247,1.069868686
B,validation,1794,359,0.4309292758,0.1365399909,0.7579261013,0.2372592673,1.117403935
C,validation,1794,359,0.4256799067,0.1347226673,0.7670299807,0.1983554063,1.084950157
D,validation,1794,359,0.4237278131,0.1340321062,0.7692583929,0.1985860885,1.080076905
E,validation,1794,359,0.4265557359,0.1349126124,0.7652363806,0.1063307135,0.9937653971
A,test,2830,567,0.4770157955,0.1525726899,0.6639155621,0.2334781655,1.127968162
B,test,2830,567,0.4374694519,0.1379612371,0.7407337266,0.06958988407,1.003545224
C,test,2830,567,0.4326325203,0.1368797173,0.7520070204,0.05568512538,0.9867176283
D,test,2830,567,0.4313733055,0.1363353549,0.7531362981,0.05739925839,0.9862040885
E,test,2830,567,0.4318079022,0.1365271123,0.7532477451,0.02050446281,0.947238478
intercept,test,2830,567,0.5009841708,0.1602410566,0.5,,
