model,month,n,challenges,log_loss,brier,auc,calibration_intercept,calibration_slope
A,2026-04,1893,343,0.4673919342,0.1448631818,0.613401674,-0.5039981406,0.5922179669
B,2026-04,1893,343,0.4391452353,0.1369945471,0.7109282423,-0.2298421821,0.7168525024
C,2026-04,1893,343,0.4474984671,0.1394970152,0.7024884793,-0.395759113,0.6199195794
D,2026-04,1893,343,0.4560792263,0.1421344651,0.7002407599,-0.4906207371,0.5556664982
E,2026-04,1893,343,0.4703745664,0.1438876524,0.6939527885,-0.5479117273,0.4857444421
A,2026-05,1929,375,0.4880576988,0.1546962742,0.6066803947,-0.4855353366,0.5936567244
B,2026-05,1929,375,0.4454102816,0.1412823181,0.7293728014,-0.1328228315,0.8132829855
C,2026-05,1929,375,0.4402208008,0.1391156923,0.73803861,-0.1389351726,0.8134212766
D,2026-05,1929,375,0.4396864638,0.1389847627,0.7388519949,-0.137606489,0.8155121334
E,2026-05,1929,375,0.44623911,0.1391779646,0.7313564994,-0.2491526543,0.71948224
A,2026-06,1918,402,0.5031200015,0.1616383361,0.6067256068,-0.1666355909,0.7798449219
B,2026-06,1918,402,0.4643983787,0.1474713206,0.7148607228,-0.01612224768,0.8632865486
C,2026-06,1918,402,0.4562332116,0.1446822355,0.7318929758,0.01814131005,0.8823395185
D,2026-06,1918,402,0.4535987209,0.1438634692,0.7361264259,0.0350823433,0.8938944512
E,2026-06,1918,402,0.4542304737,0.1437280266,0.7374374828,-0.000601733119,0.8560602762
A,2026-07,1794,359,0.4820565256,0.1539715068,0.6390127435,0.1654200247,1.069868686
B,2026-07,1794,359,0.4309292758,0.1365399909,0.7579261013,0.2372592673,1.117403935
C,2026-07,1794,359,0.4256799067,0.1347226673,0.7670299807,0.1983554063,1.084950157
D,2026-07,1794,359,0.4237278131,0.1340321062,0.7692583929,0.1985860885,1.080076905
E,2026-07,1794,359,0.4265557359,0.1349126124,0.7652363806,0.1063307135,0.9937653971
A,2026-08,2169,438,0.4800117816,0.1537362417,0.6600639955,0.2117233237,1.10184742
B,2026-08,2169,438,0.440948393,0.1387866327,0.7345939872,0.04693428002,0.9801028748
C,2026-08,2169,438,0.4362166443,0.1378666331,0.7470620356,0.04268077602,0.9716303211
D,2026-08,2169,438,0.4354374387,0.1374328235,0.7475803835,0.04089702615,0.9660709148
E,2026-08,2169,438,0.4359547724,0.137461855,0.747130621,0.01424947668,0.9312890545
A,2026-09,661,129,0.4676491651,0.1490292193,0.6731071866,0.2285457135,1.171843427
B,2026-09,661,129,0.4258408599,0.1352653107,0.7627207554,0.1660762332,1.108089723
C,2026-09,661,129,0.4195862051,0.1332273324,0.7703415516,0.1183242732,1.063292297
D,2026-09,661,129,0.4171573281,0.1325146939,0.7728915312,0.1314754645,1.083044904
E,2026-09,661,129,0.4177462873,0.1332819831,0.7733432418,0.06260947198,1.030907523
