probability_bin,n,predicted,observed,absolute_error
"(-0.001, 0.1]",3805,0.00593740097641,0.00105124835742,0.00488615261898
"(0.1, 0.2]",183,0.143119180265,0.0327868852459,0.110332295019
"(0.2, 0.3]",119,0.247533129836,0.0924369747899,0.155096155046
"(0.3, 0.4]",86,0.361677431316,0.174418604651,0.187258826665
"(0.4, 0.5]",86,0.448410475553,0.418604651163,0.0298058243902
"(0.5, 0.6]",89,0.548699719105,0.651685393258,0.102985674153
"(0.6, 0.7]",101,0.650200453025,0.871287128713,0.221086675688
"(0.7, 0.8]",118,0.752967087148,0.991525423729,0.238558336581
"(0.8, 0.9]",179,0.851786778466,0.994413407821,0.142626629355
"(0.9, 1.0]",4433,0.994289452421,0.999548838259,0.00525938583722
