count_group,decision_side,opportunities,actual_challenges,recommended_challenges,challenge_rate,recommended_challenge_rate,mean_P_overturn,actual_success_rate,mean_required_confidence,decision_correct_rate,suboptimal_decisions,expected_value_captured,expected_value_available,decision_efficiency
0-0,DEFENSE,59277,1306,1495,0.0220321541239,0.0252205745905,0.055871469745,0.624808575804,0.836433312402,0.974222717074,1528,-1.94119220085,2.57343368212,-0.754319885657
0-0,OFFENSE,45050,839,2045,0.0186237513873,0.0453940066593,0.101550924803,0.550655542312,0.832619256336,0.952386237514,2145,-1.7721183748,3.72426120116,-0.475830850491
0-1,DEFENSE,31083,547,262,0.0175980439469,0.00842904481549,0.0443989262742,0.683729433272,0.907370499709,0.989962358846,312,-0.559466816818,1.19389215574,-0.468607498698
0-1,OFFENSE,8057,416,164,0.0516321211369,0.0203549708328,0.111962618923,0.485576923077,0.910142133841,0.961275909147,312,-1.31927964979,0.640358838289,-2.06021931908
0-2,DEFENSE,18360,286,376,0.0155773420479,0.0204793028322,0.0228806098134,0.604895104895,0.474872429595,0.982461873638,322,2.3734766308,8.49700074153,0.279331107881
1-0,DEFENSE,19992,470,605,0.0235094037615,0.0302621048419,0.0464071622016,0.576595744681,0.734804440068,0.970638255302,587,-0.90206766676,2.74380853438,-0.32876480099
1-0,OFFENSE,13610,407,1060,0.0299044819985,0.0778839088905,0.116654003923,0.63144963145,0.727652779943,0.926157237325,1005,-0.710666098203,4.70838542068,-0.150936262584
1-1,DEFENSE,20741,466,601,0.0224675762982,0.028976423509,0.0466594870867,0.613733905579,0.760482491328,0.971843209103,584,-1.05916890923,2.36095621297,-0.448618616226
1-1,OFFENSE,6363,475,530,0.0746503221751,0.0832940436901,0.136149232828,0.486315789474,0.757476114105,0.904761904762,606,-2.52479482987,1.86132424756,-1.35645083503
1-2,DEFENSE,22339,425,434,0.0190250235015,0.0194279063521,0.0226898826119,0.552941176471,0.456764677539,0.98218362505,398,2.15936574077,9.55775270865,0.225928186949
2-0,DEFENSE,6370,212,150,0.0332810047096,0.0235478806907,0.053740222142,0.528301886792,0.843265624865,0.970015698587,191,-0.3741102204,0.728199247494,-0.513747057124
2-0,OFFENSE,5589,170,246,0.0304168903203,0.0440150295223,0.110106648513,0.676470588235,0.842695848121,0.957237430667,239,-0.143933985773,1.03089954131,-0.139619798056
2-1,DEFENSE,9197,305,133,0.0331629879308,0.01446123736,0.0507877755897,0.567213114754,0.881179733585,0.978362509514,199,-0.685428458244,0.541090473467,-1.26675388286
2-1,OFFENSE,3941,316,121,0.0801826947475,0.0307028672926,0.122819435364,0.443037974684,0.880197448546,0.937071809185,248,-1.34342932859,0.421403406312,-3.18798877387
2-2,DEFENSE,15264,441,436,0.028891509434,0.0285639412998,0.0305039674462,0.532879818594,0.45432679895,0.973401467505,406,1.31131631049,10.2762485925,0.127606518924
3-0,OFFENSE,3730,51,260,0.013672922252,0.0697050938338,0.0850105889783,0.549019607843,0.543000728532,0.931367292225,256,0.34642338339,6.42919352705,0.0538828675684
3-1,OFFENSE,2453,204,249,0.083163473298,0.101508357114,0.12229025526,0.475490196078,0.544811364311,0.889930697106,270,-0.0275474038306,5.34143461278,-0.00515730432509
BALL_FOUR,DEFENSE,13067,692,626,0.0529578327083,0.0479069411495,0.0545767779805,0.449421965318,0.460078697738,0.948266625851,676,5.97610001397,20.2425040416,0.295225333866
STRIKE_THREE,OFFENSE,7745,1457,1115,0.188121368625,0.143963847644,0.156962152219,0.398078242965,0.43777049586,0.821820529374,1380,0.36332912933,31.6410474617,0.0114828413873
