spec,group,n,total_value_runs,mean,median,sd,p10,p25,p50,p75,p90,p95,p99,max,n_ge_0.10,pct_ge_0.10,value_share_ge_0.10,n_ge_0.25,pct_ge_0.25,value_share_ge_0.25,n_ge_0.50,pct_ge_0.50,value_share_ge_0.50,n_ge_0.75,pct_ge_0.75,value_share_ge_0.75,n_ge_1.00,pct_ge_1.00,value_share_ge_1.00,top1pct_value_share,top5pct_value_share,top10pct_value_share,top20pct_value_share,gini,table,side,count,total_value,mean_value,challenge_rate,share_of_side_opportunities,share_of_side_value
primary,ALL,20124,3097.66,0.153928,0.11089,0.134764,0.0613204,0.0888436,0.11089,0.170347,0.259431,0.387225,0.70113,1.91013,14939,0.742347,0.883052,2405,0.119509,0.330962,601,0.0298648,0.142556,156,0.00775194,0.0537631,73,0.00362751,0.03121,0.0644171,0.199955,0.298299,0.440035,0.345297,distribution,,,,,,,
primary,OFFENSE,10750,1608.35,0.149614,0.11089,0.125454,0.0613204,0.0886917,0.11089,0.170347,0.257233,0.312483,0.686591,1.91013,7941,0.738698,0.878448,1151,0.10707,0.300193,273,0.0253953,0.124648,75,0.00697674,0.0480169,31,0.00288372,0.0248208,0.0627306,0.192658,0.288039,0.427437,0.333227,distribution,,,,,,,
primary,DEFENSE,9374,1489.31,0.158876,0.11089,0.144553,0.0613204,0.0945162,0.11089,0.170347,0.284668,0.433157,0.743457,1.91013,6998,0.746533,0.888025,1254,0.133774,0.36419,328,0.0349904,0.161896,81,0.00864092,0.0599685,42,0.00448048,0.0381099,0.0664581,0.204292,0.308019,0.453618,0.357833,distribution,,,,,,,
primary,CHALLENGED,5085,980.048,0.192733,0.120445,0.186337,0.0734199,0.101575,0.120445,0.218461,0.410508,0.612193,0.94498,1.91013,3906,0.768142,0.913736,1037,0.203933,0.489958,308,0.0605703,0.239712,85,0.0167158,0.0976007,45,0.00884956,0.0637981,0.0697538,0.209385,0.329803,0.484711,0.401514,distribution,,,,,,,
primary,UNCHALLENGED,15039,2117.61,0.140808,0.11089,0.109007,0.0613204,0.0886411,0.11089,0.170172,0.22869,0.301352,0.625,1.91013,11033,0.733626,0.868852,1368,0.0909635,0.257377,293,0.0194827,0.0975911,71,0.00472106,0.0334746,28,0.00186183,0.016128,0.0582673,0.17781,0.272355,0.411738,0.311142,distribution,,,,,,,
primary,OFFENSE_CHALLENGED,2109,419.42,0.198872,0.14569,0.182306,0.0767689,0.101575,0.14569,0.22869,0.433157,0.613836,0.821328,1.91013,1658,0.786155,0.921468,455,0.215742,0.496471,136,0.0644855,0.240058,32,0.0151731,0.0842826,17,0.00806069,0.0551079,0.0640785,0.197824,0.319681,0.476235,0.393422,distribution,,,,,,,
primary,OFFENSE_UNCHALLENGED,8641,1188.93,0.137592,0.11089,0.103608,0.0613204,0.0886411,0.11089,0.170172,0.218461,0.284668,0.613836,1.91013,6283,0.727115,0.863271,696,0.0805462,0.230951,137,0.0158546,0.0839341,43,0.00497628,0.0352235,14,0.00162018,0.0141364,0.0589372,0.170742,0.262639,0.402172,0.302218,distribution,,,,,,,
primary,DEFENSE_CHALLENGED,2976,560.628,0.188383,0.114664,0.18905,0.0613204,0.101575,0.114664,0.211819,0.377855,0.560897,0.97238,1.91013,2248,0.755376,0.907951,582,0.195565,0.485085,172,0.0577957,0.239453,53,0.0178091,0.107564,28,0.0094086,0.0702995,0.0737699,0.217749,0.337589,0.490697,0.406555,distribution,,,,,,,
primary,DEFENSE_UNCHALLENGED,6398,928.679,0.145152,0.11089,0.115766,0.0613204,0.0886411,0.11089,0.170172,0.257233,0.312483,0.625,1.91013,4750,0.74242,0.875996,672,0.105033,0.291208,156,0.0243826,0.115075,28,0.00437637,0.0312357,14,0.00218818,0.0186776,0.0573375,0.185317,0.282346,0.423838,0.322036,distribution,,,,,,,
primary,,3290,,,,,,,,,,,,,,,,,,,,,,,,,,,,,,,,,by_count,DEFENSE,0-0,302.679,0.0919997,0.248024,0.350971,0.203235
primary,,1349,,,,,,,,,,,,,,,,,,,,,,,,,,,,,,,,,by_count,DEFENSE,0-1,129.332,0.0958727,0.277242,0.143909,0.0868405
primary,,404,,,,,,,,,,,,,,,,,,,,,,,,,,,,,,,,,by_count,DEFENSE,0-2,79.526,0.196846,0.428218,0.0430979,0.053398
primary,,937,,,,,,,,,,,,,,,,,,,,,,,,,,,,,,,,,by_count,DEFENSE,1-0,135.013,0.144091,0.289221,0.0999573,0.0906552
primary,,956,,,,,,,,,,,,,,,,,,,,,,,,,,,,,,,,,by_count,DEFENSE,1-1,132.259,0.138347,0.299163,0.101984,0.088806
primary,,483,,,,,,,,,,,,,,,,,,,,,,,,,,,,,,,,,by_count,DEFENSE,1-2,113.745,0.235498,0.482402,0.0515255,0.0763748
primary,,341,,,,,,,,,,,,,,,,,,,,,,,,,,,,,,,,,by_count,DEFENSE,2-0,76.1833,0.223411,0.328446,0.0363772,0.0511535
primary,,470,,,,,,,,,,,,,,,,,,,,,,,,,,,,,,,,,by_count,DEFENSE,2-1,93.0756,0.198033,0.368085,0.0501387,0.0624959
primary,,447,,,,,,,,,,,,,,,,,,,,,,,,,,,,,,,,,by_count,DEFENSE,2-2,144.946,0.324265,0.525727,0.0476851,0.0973248
primary,,129,,,,,,,,,,,,,,,,,,,,,,,,,,,,,,,,,by_count,DEFENSE,3-0,21.9626,0.170253,0.255814,0.0137615,0.0147469
primary,,251,,,,,,,,,,,,,,,,,,,,,,,,,,,,,,,,,by_count,DEFENSE,3-1,68.5414,0.273073,0.338645,0.0267762,0.0460224
primary,,317,,,,,,,,,,,,,,,,,,,,,,,,,,,,,,,,,by_count,DEFENSE,3-2,192.042,0.605811,0.583596,0.0338169,0.128947
primary,,4514,,,,,,,,,,,,,,,,,,,,,,,,,,,,,,,,,by_count,OFFENSE,0-0,415.84,0.0921224,0.102348,0.419907,0.258551
primary,,881,,,,,,,,,,,,,,,,,,,,,,,,,,,,,,,,,by_count,OFFENSE,0-1,84.9725,0.09645,0.229285,0.0819535,0.0528321
primary,,207,,,,,,,,,,,,,,,,,,,,,,,,,,,,,,,,,by_count,OFFENSE,0-2,35.9585,0.173713,0.468599,0.0192558,0.0223574
primary,,1587,,,,,,,,,,,,,,,,,,,,,,,,,,,,,,,,,by_count,OFFENSE,1-0,232.184,0.146304,0.161941,0.147628,0.144362
primary,,862,,,,,,,,,,,,,,,,,,,,,,,,,,,,,,,,,by_count,OFFENSE,1-1,117.099,0.135846,0.267981,0.080186,0.072807
primary,,363,,,,,,,,,,,,,,,,,,,,,,,,,,,,,,,,,by_count,OFFENSE,1-2,80.6035,0.222048,0.407713,0.0337674,0.0501157
primary,,617,,,,,,,,,,,,,,,,,,,,,,,,,,,,,,,,,by_count,OFFENSE,2-0,136.39,0.221054,0.186386,0.0573953,0.0848014
primary,,482,,,,,,,,,,,,,,,,,,,,,,,,,,,,,,,,,by_count,OFFENSE,2-1,93.1499,0.193257,0.290456,0.0448372,0.0579164
primary,,349,,,,,,,,,,,,,,,,,,,,,,,,,,,,,,,,,by_count,OFFENSE,2-2,109.004,0.312334,0.469914,0.0324651,0.0677741
primary,,314,,,,,,,,,,,,,,,,,,,,,,,,,,,,,,,,,by_count,OFFENSE,3-0,56.7013,0.180577,0.089172,0.0292093,0.0352543
primary,,296,,,,,,,,,,,,,,,,,,,,,,,,,,,,,,,,,by_count,OFFENSE,3-1,84.0414,0.283924,0.327703,0.0275349,0.0522532
primary,,278,,,,,,,,,,,,,,,,,,,,,,,,,,,,,,,,,by_count,OFFENSE,3-2,162.404,0.584186,0.604317,0.0258605,0.100975
