model,sample_size,recognized,not_recognized,regularization,cv_strategy,roc_auc,pr_auc,log_loss,brier_score,calibration_intercept,calibration_slope,expected_calibration_error_5bin,aic,bic,parameter_count,cv_roc_auc_mean,cv_roc_auc_std,cv_pr_auc_mean,cv_pr_auc_std,cv_log_loss_mean,cv_log_loss_std,cv_brier_mean,cv_brier_std
DISTANCE,484,96,388,L2_C_1_FIXED_NO_TUNING,10x5-fold stratified group-by-game,0.617133805842,0.285694246089,0.486693464904,0.155438951693,-0.205427293103,0.862938875264,0.014638002136,469.786983016,478.15115283,2,0.630866445623,0.0711816021901,0.340004957361,0.0936275313404,0.485826100967,0.0597639314012,0.155014150028,0.0253268450809
A_GEOMETRY,484,96,388,L2_C_1_FIXED_NO_TUNING,10x5-fold stratified group-by-game,0.642155283505,0.279995928412,0.485328281941,0.155916245865,-0.396740728998,0.708194204794,0.0233248204072,,,,0.652703865311,0.0768425487009,0.325662053162,0.0860845384706,0.486296994714,0.0646864421679,0.155996784429,0.0260085476951
B_PITCH_TYPE,484,96,388,L2_C_1_FIXED_NO_TUNING,10x5-fold stratified group-by-game,0.630503651203,0.26874737266,0.493489770736,0.157611190119,-0.590132716683,0.562837826543,0.0241610258096,,,,0.636294255608,0.070055379705,0.31048227228,0.0791719407125,0.495852313546,0.0700735493582,0.158039498314,0.0268018911751
B_MOVEMENT,484,96,388,L2_C_1_FIXED_NO_TUNING,10x5-fold stratified group-by-game,0.64760524055,0.291893208923,0.491920171493,0.155756146592,-0.581163705804,0.564923217534,0.0226115679115,,,,0.648161762488,0.0645759594586,0.32737547545,0.0780980629191,0.495557426468,0.0717766241774,0.156523451002,0.0257160975305
B_PITCH,484,96,388,L2_C_1_FIXED_NO_TUNING,10x5-fold stratified group-by-game,0.638181915808,0.278839930974,0.500818996516,0.158336969619,-0.721444393983,0.460043952282,0.0291146703458,,,,0.637920079251,0.0634992757431,0.312398643491,0.071137649699,0.505532840147,0.0776746040633,0.159357957556,0.0269885402836
C_SITUATION,484,96,388,L2_C_1_FIXED_NO_TUNING,10x5-fold stratified group-by-game,0.698238831615,0.366880139305,0.476134721797,0.151320469725,-0.513033739493,0.594344339839,0.047396917041,,,,0.695124454126,0.066115521458,0.376291562026,0.0859343860535,0.487122469865,0.0813158206316,0.154044624563,0.0272294226124
D_BATTER,484,96,388,L2_C_1_FIXED_NO_TUNING,10x5-fold stratified group-by-game,0.699688573883,0.364870462005,0.47802058777,0.151744750437,-0.52289333525,0.575791403949,0.0511323284381,,,,0.695140250718,0.0670500072134,0.379146726565,0.0933146830658,0.489812334199,0.081970688163,0.154507547734,0.0270407882782
D_PITCHER,484,96,388,L2_C_1_FIXED_NO_TUNING,10x5-fold stratified group-by-game,0.702910223368,0.374521998951,0.472629270919,0.149118577591,-0.450059726731,0.612940534716,0.0373319594369,,,,0.69909388801,0.0659097035083,0.389470530107,0.0906853340461,0.483638287319,0.0831958330622,0.151759847755,0.0275234703645
D_CATCHER,484,96,388,L2_C_1_FIXED_NO_TUNING,10x5-fold stratified group-by-game,0.689513530928,0.3796765206,0.48006133893,0.150789340428,-0.529327396962,0.563142014131,0.0502291297202,,,,0.683808135683,0.061987059804,0.387916728035,0.103259478761,0.493573388402,0.0837235682731,0.154284633718,0.0279529930929
D_UMPIRE,484,96,388,L2_C_1_FIXED_NO_TUNING,10x5-fold stratified group-by-game,0.684090420962,0.344811145395,0.488984152893,0.155703005013,-0.556032591506,0.523711634031,0.0608026119809,,,,0.681566967726,0.0677813186936,0.359670794079,0.0854469265594,0.502330825886,0.086789671146,0.158783831915,0.0277903801554
D_ALL_IDENTITY,484,96,388,L2_C_1_FIXED_NO_TUNING,10x5-fold stratified group-by-game,0.693674828179,0.372533078914,0.483319051181,0.151654569756,-0.44981673267,0.551852680821,0.0592410072545,,,,0.6894677695,0.0666042619748,0.382260592793,0.100447539483,0.497632764195,0.0899063406709,0.154788355676,0.0284826077147
