dimension,value,opportunities,recognized,not_recognized,recognition_rate,ci95_low_wilson,ci95_high_wilson,small_sample_warning,display_rate
distance_bin_inches,0–0.25,83,10,73,0.12048192771084337,0.06677618440538881,0.2077650492890618,False,12.0%
distance_bin_inches,0.25–0.5,78,7,71,0.08974358974358974,0.044152447186411065,0.1738491559103026,False,9.0%
distance_bin_inches,0.5–1,122,24,98,0.19672131147540983,0.13591035553474007,0.27604880582366603,False,19.7%
distance_bin_inches,1–2,137,35,102,0.25547445255474455,0.18980753746747142,0.33448074099571007,False,25.5%
distance_bin_inches,2+,64,20,44,0.3125,0.21230909502265743,0.43392566359152623,False,31.2%
miss_side,ABOVE,120,16,104,0.13333333333333333,0.0837653717755315,0.20564949366548352,False,13.3%
miss_side,ABOVE_INSIDE,8,2,6,0.25,0.07147768885802763,0.5907301208974108,True,SUPPRESSED_N_LT_20
miss_side,ABOVE_OUTSIDE,8,3,5,0.375,0.13684175946152105,0.6942621454161981,True,SUPPRESSED_N_LT_20
miss_side,BELOW,105,28,77,0.26666666666666666,0.19141558416037008,0.35838890235948995,False,26.7%
miss_side,BELOW_INSIDE,6,3,3,0.5,0.18761280689940868,0.8123871931005913,True,SUPPRESSED_N_LT_20
miss_side,BELOW_OUTSIDE,7,3,4,0.42857142857142855,0.15821692226262685,0.7495457695909742,True,SUPPRESSED_N_LT_20
miss_side,INSIDE,54,7,47,0.12962962962962962,0.06423639229487982,0.2442198053206771,False,13.0%
miss_side,OUTSIDE,176,34,142,0.19318181818181818,0.1416639289880205,0.25780760596273616,False,19.3%
pitch_family,CHANGEUP,33,6,27,0.18181818181818182,0.08610651225698263,0.3438856704929522,False,18.2%
pitch_family,CURVEBALL,45,8,37,0.17777777777777778,0.0929427892585383,0.3133010684365414,False,17.8%
pitch_family,CUTTER,48,6,42,0.125,0.05856971750400844,0.24700727086054822,False,12.5%
pitch_family,FOUR_SEAM,155,33,122,0.2129032258064516,0.15580732288767635,0.28388605718404286,False,21.3%
pitch_family,OTHER,1,1,0,1.0,0.20654329147389294,1.0,True,SUPPRESSED_N_LT_20
pitch_family,SINKER,110,21,89,0.19090909090909092,0.12839312602494252,0.27428568383015445,False,19.1%
pitch_family,SLIDER,54,13,41,0.24074074074074073,0.14644154703850742,0.36947779129238245,False,24.1%
pitch_family,SPLITTER,10,1,9,0.1,0.01787574951572113,0.4041563854975721,True,SUPPRESSED_N_LT_20
pitch_family,SWEEPER,28,7,21,0.25,0.12676334942200781,0.433560252407046,False,25.0%
velocity_bin_mph,<85,120,24,96,0.2,0.13824380919983048,0.2803683534337273,False,20.0%
velocity_bin_mph,85–<90,89,14,75,0.15730337078651685,0.09607722097921384,0.24688972487264566,False,15.7%
velocity_bin_mph,90–<95,169,31,138,0.1834319526627219,0.13234196428493644,0.2485941066609469,False,18.3%
velocity_bin_mph,95+,106,27,79,0.25471698113207547,0.18136307591306167,0.3452279424260739,False,25.5%
pfx_x_quartile,Q1,121,25,96,0.2066115702479339,0.14404553713266344,0.28723378001802985,False,20.7%
pfx_x_quartile,Q2,123,20,103,0.16260162601626016,0.1077947851092691,0.23784576184062745,False,16.3%
pfx_x_quartile,Q3,119,25,94,0.21008403361344538,0.14654279199949025,0.29175823957287617,False,21.0%
pfx_x_quartile,Q4,121,26,95,0.21487603305785125,0.15106665784733153,0.2962329602286944,False,21.5%
pfx_z_quartile,Q1,121,23,98,0.19008264462809918,0.1301333553120293,0.26910535998799884,False,19.0%
pfx_z_quartile,Q2,123,24,99,0.1951219512195122,0.1347729686621224,0.2739383689432058,False,19.5%
pfx_z_quartile,Q3,119,25,94,0.21008403361344538,0.14654279199949025,0.29175823957287617,False,21.0%
pfx_z_quartile,Q4,121,24,97,0.19834710743801653,0.13706713532662643,0.27819188089873426,False,19.8%
count,0-0,218,27,191,0.12385321100917432,0.08653148685637463,0.17420229797027653,False,12.4%
count,0-1,36,9,27,0.25,0.13750323839225387,0.41070767683203424,False,25.0%
count,0-2,10,7,3,0.7,0.39677321997956516,0.892210712513788,True,SUPPRESSED_N_LT_20
count,1-0,68,8,60,0.11764705882352941,0.06083419938921196,0.21535118623694333,False,11.8%
count,1-1,40,13,27,0.325,0.20084316962661725,0.4798254191110201,False,32.5%
count,1-2,12,5,7,0.4166666666666667,0.19325746190524656,0.6804926643446272,True,SUPPRESSED_N_LT_20
count,2-0,26,4,22,0.15384615384615385,0.06149933998929477,0.33531584418313565,False,15.4%
count,2-1,19,4,15,0.21052631578947367,0.08507538491591576,0.43334714240266087,True,SUPPRESSED_N_LT_20
count,2-2,13,6,7,0.46153846153846156,0.2320575430148814,0.7085656756816796,True,SUPPRESSED_N_LT_20
count,3-0,17,2,15,0.11764705882352941,0.03287908001292092,0.3433684249770991,True,SUPPRESSED_N_LT_20
count,3-1,12,3,9,0.25,0.08894003962896138,0.53231033912066,True,SUPPRESSED_N_LT_20
count,3-2,13,8,5,0.6153846153846154,0.35522480972268555,0.8229055341876319,True,SUPPRESSED_N_LT_20
inning,1,62,11,51,0.1774193548387097,0.10206333434361749,0.2904180148338023,False,17.7%
inning,2,52,11,41,0.21153846153846154,0.12244245849448492,0.34032365135910086,False,21.2%
inning,3,43,8,35,0.18604651162790697,0.0974163558010598,0.3261729323530596,False,18.6%
inning,4,57,8,49,0.14035087719298245,0.07287189227128286,0.253247078958928,False,14.0%
inning,5,59,15,44,0.2542372881355932,0.1605583829520582,0.3779638698231735,False,25.4%
inning,6,50,7,43,0.14,0.06950745262022862,0.2618645719852809,False,14.0%
inning,7,62,16,46,0.25806451612903225,0.16554737249309678,0.37881363938996804,False,25.8%
inning,8,50,5,45,0.1,0.04347512399157111,0.2136049033478839,False,10.0%
inning,9,40,11,29,0.275,0.1610785343314309,0.4283525083312457,False,27.5%
inning,10,4,1,3,0.25,0.045586062644636216,0.6993639475573634,True,SUPPRESSED_N_LT_20
inning,11,4,3,1,0.75,0.3006360524426366,0.9544139373553637,True,SUPPRESSED_N_LT_20
inning,12,1,0,1,0.0,0.0,0.7934567085261071,True,SUPPRESSED_N_LT_20
inning_group,EARLY,157,30,127,0.1910828025477707,0.13725447789017156,0.2596677113941927,False,19.1%
inning_group,LATE,161,36,125,0.2236024844720497,0.166111822046471,0.2939759227946371,False,22.4%
inning_group,MIDDLE,166,30,136,0.18072289156626506,0.12962533896650527,0.24626372472578215,False,18.1%
outs,0,167,32,135,0.19161676646706588,0.13912716185703666,0.2579751832392397,False,19.2%
outs,1,166,36,130,0.21686746987951808,0.16096197512445934,0.2855811568290786,False,21.7%
outs,2,151,28,123,0.18543046357615894,0.1315231360298444,0.25494664986748555,False,18.5%
base_state,000,278,56,222,0.2014388489208633,0.1585066831084451,0.2525100014406065,False,20.1%
base_state,001,7,0,7,0.0,0.0,0.35433884297520657,True,SUPPRESSED_N_LT_20
base_state,010,41,12,29,0.2926829268292683,0.1760901763305888,0.44479757076139725,False,29.3%
base_state,011,16,9,7,0.5625,0.33178195606776517,0.7690163666481448,True,SUPPRESSED_N_LT_20
base_state,100,96,12,84,0.125,0.07297128992395069,0.2058864206896613,False,12.5%
base_state,101,11,3,8,0.2727272727272727,0.09745880573921467,0.5656502930102463,True,SUPPRESSED_N_LT_20
base_state,110,27,4,23,0.14814814814814814,0.059158318596448906,0.32479063346829484,False,14.8%
base_state,111,8,0,8,0.0,0.0,0.3244156195108769,True,SUPPRESSED_N_LT_20
affected_team_challenges_remaining,1,150,27,123,0.18,0.1267568486333268,0.24922468041993318,False,18.0%
affected_team_challenges_remaining,2,334,69,265,0.20658682634730538,0.1666226637448242,0.2532237968449907,False,20.7%
