pitch_key,game_date,side,entitled_team,inning,half_inning,outs,count,base_state,inv,inv_state,prior_failures,absd,edge,correction_value_runs_pooled,propensity,p_success,ev,cost,cost_low,cost_high,net,decision_class,hindsight_team_used_challenge_later,hindsight_later_max_value,hindsight_later_value_exceeded,hindsight_later_max_ev,hindsight_later_ev_exceeded,final_inventory,hindsight_game_ended_unused
823163:8:6,2026-03-26,OFFENSE,Cleveland Guardians,2,top,0,3-2,000,2,INV2_NO_PRIOR_CHALLENGE_SUCCESS,0,1.05094,BOTTOM,0.613836,0.243471,0.429809,0.263832,0.00947243,0.00901152,0.0608787,0.25436,IMMEDIATE_EXCEEDS_PRESERVATION,True,0.22869,False,0.0968548,False,1,True
824865:8:4,2026-03-26,DEFENSE,Baltimore Orioles,2,top,0,0-2,110,2,INV2_NO_PRIOR_CHALLENGE_SUCCESS,0,0.16383,BOTTOM,0.571504,0.261294,0.453984,0.259454,0.00857521,0.00815015,0.0571989,0.250879,IMMEDIATE_EXCEEDS_PRESERVATION,True,0.0769062,False,0.036203,False,1,True
823971:7:4,2026-03-27,DEFENSE,Los Angeles Dodgers,2,top,0,3-1,100,2,INV2_AFTER_PRIOR_SUCCESS,0,0.926314,OUTSIDE,0.625,0.30679,0.530355,0.331472,0.0073758,0.0070102,0.0491985,0.324096,IMMEDIATE_EXCEEDS_PRESERVATION,True,0.211819,False,0.120343,False,1,True
824946:11:4,2026-03-27,OFFENSE,Kansas City Royals,2,top,0,1-2,110,2,INV2_NO_PRIOR_CHALLENGE_SUCCESS,0,0.917834,BOTTOM,0.636795,0.2283,0.429865,0.273736,0.0094715,0.00901064,0.0608728,0.264264,IMMEDIATE_EXCEEDS_PRESERVATION,True,0.218461,False,0.126601,False,2,True
823323:4:5,2026-03-28,OFFENSE,Detroit Tigers,1,top,2,3-2,101,2,INV2_NO_PRIOR_CHALLENGE_SUCCESS,0,1.30564,OUTSIDE,0.743457,0.21441,0.455465,0.338618,0.0107784,0.0102399,0.0630364,0.32784,IMMEDIATE_EXCEEDS_PRESERVATION,True,0.613836,False,0.263905,False,0,False
823323:8:8,2026-03-28,OFFENSE,Detroit Tigers,2,top,0,3-2,000,2,INV2_NO_PRIOR_CHALLENGE_SUCCESS,0,0.870347,BOTTOM,0.613836,0.223031,0.429928,0.263905,0.00947046,0.00900965,0.0608661,0.254435,IMMEDIATE_EXCEEDS_PRESERVATION,True,0.185276,False,0.103673,False,0,False
823159:13:4,2026-03-30,OFFENSE,Seattle Mariners,2,bottom,0,2-2,110,2,INV2_NO_PRIOR_CHALLENGE_SUCCESS,0,1.57719,INSIDE,0.752411,0.251018,0.363574,0.273557,0.00864825,0.00824841,0.0630609,0.264909,IMMEDIATE_EXCEEDS_PRESERVATION,False,0.14569,False,0.0913821,False,2,True
822836:10:10,2026-03-31,OFFENSE,Colorado Rockies,2,top,2,3-2,110,2,INV2_NO_PRIOR_CHALLENGE_SUCCESS,0,0.398267,INSIDE,0.743457,0.136084,0.364737,0.271167,0.0100498,0.00948925,0.0659821,0.261117,IMMEDIATE_EXCEEDS_PRESERVATION,True,0.257233,False,0.136973,False,0,False
823322:15:3,2026-03-31,OFFENSE,San Francisco Giants,2,top,1,3-0,110,2,INV2_NO_PRIOR_CHALLENGE_SUCCESS,0,2.15699,BOTTOM,0.556443,0.384567,0.427838,0.238068,0.00922727,0.00877163,0.0594669,0.22884,IMMEDIATE_EXCEEDS_PRESERVATION,False,0.185276,False,0.104899,False,2,True
823483:9:6,2026-04-01,DEFENSE,Philadelphia Phillies,2,top,0,3-2,100,2,INV2_NO_PRIOR_CHALLENGE_SUCCESS,0,0.34825,BOTTOM,1.04962,0.302682,0.457784,0.480499,0.00810784,0.00768575,0.0562406,0.472391,IMMEDIATE_EXCEEDS_PRESERVATION,True,0.170347,False,0.0811626,False,1,True
823970:3:6,2026-04-01,DEFENSE,Cleveland Guardians,1,bottom,0,3-2,000,2,INV2_NO_PRIOR_CHALLENGE_SUCCESS,0,1.44106,OUTSIDE,0.613836,0.388232,0.565925,0.347385,0.00797356,0.0076137,0.0481953,0.339411,IMMEDIATE_EXCEEDS_PRESERVATION,False,0.218461,False,0.122535,False,2,True
824377:23:4,2026-04-03,OFFENSE,Colorado Rockies,2,bottom,1,2-2,011,2,INV2_AFTER_PRIOR_SUCCESS,0,0.56782,OUTSIDE,0.908363,0.14997,0.464093,0.421565,0.00669712,0.00631209,0.0511642,0.414868,IMMEDIATE_EXCEEDS_PRESERVATION,True,,False,,False,0,False
823569:6:5,2026-04-04,DEFENSE,Miami Marlins,1,bottom,0,3-2,000,2,INV2_NO_PRIOR_CHALLENGE_SUCCESS,0,1.58345,OUTSIDE,0.613836,0.409561,0.573929,0.352298,0.00782653,0.00747331,0.0473066,0.344472,IMMEDIATE_EXCEEDS_PRESERVATION,True,0.533026,False,0.19465,False,2,True
822915:0:9,2026-04-08,DEFENSE,Texas Rangers,1,top,0,3-2,000,2,INV2_NO_PRIOR_CHALLENGE_SUCCESS,0,0.957087,OUTSIDE,0.613836,0.319664,0.532088,0.326615,0.00876942,0.00835482,0.0542786,0.317845,IMMEDIATE_EXCEEDS_PRESERVATION,True,0.312453,False,0.180477,False,2,True
824455:13:7,2026-04-08,OFFENSE,Cleveland Guardians,2,bottom,0,3-2,000,2,INV2_NO_PRIOR_CHALLENGE_SUCCESS,0,1.55196,OUTSIDE,0.613836,0.244219,0.466432,0.286313,0.0069287,0.00659348,0.0523711,0.279384,IMMEDIATE_EXCEEDS_PRESERVATION,True,0.807139,True,0.378161,True,2,True
824696:16:4,2026-04-12,DEFENSE,Pittsburgh Pirates,2,bottom,0,1-2,010,1,INV1_FAILURE_MORE_THAN_12_PA,1,0.169206,INSIDE,0.511931,0.217455,0.389215,0.199251,0.041997,0.0409149,0.0985467,0.157254,IMMEDIATE_EXCEEDS_PRESERVATION,True,0.232675,False,0.121368,False,0,False
823400:15:6,2026-04-13,DEFENSE,Washington Nationals,2,bottom,1,3-1,110,2,INV2_NO_PRIOR_CHALLENGE_SUCCESS,0,0.310454,OUTSIDE,0.672067,0.235556,0.48807,0.328016,0.00714629,0.00682059,0.0495156,0.320869,IMMEDIATE_EXCEEDS_PRESERVATION,False,0.170172,False,0.103007,False,2,True
823563:13:6,2026-04-13,DEFENSE,Los Angeles Angels,2,bottom,0,3-2,000,1,INV1_FAILURE_WITHIN_3_PA,1,0.996662,INSIDE,0.613836,0.331802,0.438345,0.269072,0.0386189,0.0376238,0.0906198,0.230453,IMMEDIATE_EXCEEDS_PRESERVATION,True,,False,,False,0,False
824289:3:6,2026-04-16,DEFENSE,Kansas City Royals,1,bottom,0,3-2,000,2,INV2_NO_PRIOR_CHALLENGE_SUCCESS,0,1.30726,BOTTOM,0.613836,0.443456,0.525973,0.322861,0.00870744,0.00831446,0.0526312,0.314154,IMMEDIATE_EXCEEDS_PRESERVATION,True,0.170172,False,0.0961627,False,1,True
823397:21:6,2026-04-17,DEFENSE,Tampa Bay Rays,3,bottom,1,3-2,100,2,INV2_AFTER_PRIOR_SUCCESS,0,1.65982,BOTTOM,0.686591,0.498263,0.546505,0.375225,0.00494133,0.00457856,0.0378764,0.370284,IMMEDIATE_EXCEEDS_PRESERVATION,True,0.0613204,False,0.0367184,False,0,False
823476:3:3,2026-04-17,OFFENSE,Atlanta Braves,1,top,0,1-2,111,2,INV2_NO_PRIOR_CHALLENGE_SUCCESS,0,1.63755,TOP,0.787115,0.204706,0.454229,0.35753,0.0108618,0.0104866,0.0641759,0.346669,IMMEDIATE_EXCEEDS_PRESERVATION,True,0.374137,False,0.169796,False,1,True
824693:12:4,2026-04-17,OFFENSE,New York Mets,2,top,0,3-1,100,2,INV2_AFTER_PRIOR_SUCCESS,0,0.326324,TOP,0.625,0.100753,0.453324,0.283328,0.00877175,0.00832986,0.0577223,0.274556,IMMEDIATE_EXCEEDS_PRESERVATION,True,0.211819,False,0.118999,False,1,True
824047:3:7,2026-04-19,DEFENSE,San Diego Padres,1,bottom,0,3-2,000,2,INV2_NO_PRIOR_CHALLENGE_SUCCESS,0,0.119339,TOP,0.613836,0.161458,0.471286,0.289292,0.00971199,0.00927367,0.058703,0.27958,IMMEDIATE_EXCEEDS_PRESERVATION,True,0.257233,False,0.144553,False,1,True
824125:0:10,2026-04-20,DEFENSE,Kansas City Royals,1,top,0,3-2,000,2,INV2_NO_PRIOR_CHALLENGE_SUCCESS,0,1.71219,TOP,0.613836,0.362039,0.567696,0.348472,0.00810207,0.00771902,0.050148,0.34037,IMMEDIATE_EXCEEDS_PRESERVATION,True,0.232895,False,0.104949,False,1,True
822747:3:5,2026-04-21,DEFENSE,Atlanta Braves,1,bottom,0,3-2,000,1,INV1_FAILURE_WITHIN_3_PA,1,0.231277,BOTTOM,0.613836,0.281379,0.453949,0.27865,0.0420706,0.0409696,0.0939392,0.23658,IMMEDIATE_EXCEEDS_PRESERVATION,True,0.170172,False,0.0923365,False,1,True
822913:11:6,2026-04-22,DEFENSE,Pittsburgh Pirates,2,bottom,0,3-2,000,2,INV2_NO_PRIOR_CHALLENGE_SUCCESS,0,1.13633,INSIDE,0.613836,0.351182,0.448886,0.275542,0.00809062,0.00770736,0.0545176,0.267452,IMMEDIATE_EXCEEDS_PRESERVATION,True,0.120206,False,0.0686848,False,0,False
824689:13:2,2026-04-23,DEFENSE,Philadelphia Phillies,2,bottom,0,0-2,101,2,INV2_AFTER_PRIOR_SUCCESS,0,1.09625,BOTTOM,0.546621,0.411339,0.51112,0.279389,0.007177,0.00683702,0.0483612,0.272212,IMMEDIATE_EXCEEDS_PRESERVATION,True,0.613836,True,0.265778,False,1,True
823230:6:7,2026-04-26,OFFENSE,San Francisco Giants,1,bottom,2,3-2,001,2,INV2_AFTER_PRIOR_SUCCESS,0,1.2335,OUTSIDE,0.516487,0.209373,0.463788,0.23954,0.00830169,0.00790078,0.0567972,0.231239,IMMEDIATE_EXCEEDS_PRESERVATION,True,0.170172,False,0.102409,False,1,True
824122:13:4,2026-04-26,DEFENSE,Kansas City Royals,2,top,0,1-2,010,2,INV2_NO_PRIOR_CHALLENGE_SUCCESS,0,0.277486,TOP,0.511931,0.184399,0.473939,0.242624,0.00786628,0.00745676,0.054565,0.234758,IMMEDIATE_EXCEEDS_PRESERVATION,True,0.312483,False,0.136682,False,1,True
823310:10:5,2026-04-28,DEFENSE,San Diego Padres,2,top,1,2-2,001,2,INV2_NO_PRIOR_CHALLENGE_SUCCESS,0,0.415201,TOP,0.561855,0.201819,0.47968,0.26951,0.00747086,0.00711349,0.052915,0.26204,IMMEDIATE_EXCEEDS_PRESERVATION,True,0.261415,False,0.133933,False,1,True
823390:2:6,2026-04-28,OFFENSE,St. Louis Cardinals,1,top,1,3-2,010,2,INV2_NO_PRIOR_CHALLENGE_SUCCESS,0,1.33128,BOTTOM,0.612193,0.277601,0.432985,0.26507,0.0109657,0.0105157,0.0656169,0.254105,IMMEDIATE_EXCEEDS_PRESERVATION,False,0.218461,False,0.12941,False,2,True
823633:8:6,2026-04-29,DEFENSE,Washington Nationals,1,bottom,1,3-2,010,2,INV2_NO_PRIOR_CHALLENGE_SUCCESS,0,0.80555,TOP,0.612193,0.244537,0.506819,0.310271,0.00866206,0.00827524,0.053693,0.301609,IMMEDIATE_EXCEEDS_PRESERVATION,False,0.257233,False,0.145334,False,2,True
824771:21:6,2026-05-02,DEFENSE,Houston Astros,3,bottom,1,3-2,110,2,INV2_AFTER_PRIOR_SUCCESS,0,1.1054,OUTSIDE,1.20509,0.337215,0.538677,0.649154,0.00544375,0.00507472,0.0398181,0.64371,IMMEDIATE_EXCEEDS_PRESERVATION,False,0.14569,False,0.0813808,False,2,True
823145:19:7,2026-05-03,OFFENSE,Seattle Mariners,3,bottom,0,3-2,100,2,INV2_NO_PRIOR_CHALLENGE_SUCCESS,0,1.16375,INSIDE,1.04962,0.200145,0.358242,0.376018,0.00699558,0.00665879,0.0561073,0.369023,IMMEDIATE_EXCEEDS_PRESERVATION,True,0.14569,False,0.0950234,False,0,False
824769:13:7,2026-05-03,OFFENSE,Boston Red Sox,2,bottom,0,3-2,000,2,INV2_NO_PRIOR_CHALLENGE_SUCCESS,0,1.5797,OUTSIDE,0.613836,0.241689,0.449153,0.275706,0.00772268,0.0073766,0.055553,0.267984,IMMEDIATE_EXCEEDS_PRESERVATION,True,0.185276,False,0.100217,False,1,True
823552:5:5,2026-05-04,DEFENSE,Baltimore Orioles,1,bottom,0,1-2,010,2,INV2_NO_PRIOR_CHALLENGE_SUCCESS,0,1.16186,BOTTOM,0.511931,0.428938,0.516158,0.264237,0.00943829,0.00903718,0.0548468,0.254799,IMMEDIATE_EXCEEDS_PRESERVATION,False,0.0886411,False,0.0516247,False,2,True
823873:32:8,2026-05-05,OFFENSE,Miami Marlins,3,bottom,1,3-2,110,2,INV2_NO_PRIOR_CHALLENGE_SUCCESS,0,0.148617,INSIDE,1.20509,0.105769,0.351828,0.423984,0.00679168,0.00640297,0.0550704,0.417192,IMMEDIATE_EXCEEDS_PRESERVATION,True,0.185276,False,0.0999497,False,2,True
824036:9:9,2026-05-06,DEFENSE,Los Angeles Angels,2,top,1,3-2,010,2,INV2_AFTER_PRIOR_SUCCESS,0,0.663353,BOTTOM,0.612193,0.352349,0.489684,0.299781,0.00795903,0.00760854,0.0531926,0.291822,IMMEDIATE_EXCEEDS_PRESERVATION,True,0.257233,False,0.152339,False,2,True
823794:19:9,2026-05-08,DEFENSE,Milwaukee Brewers,3,top,0,1-2,010,2,INV2_NO_PRIOR_CHALLENGE_SUCCESS,0,1.14201,BOTTOM,0.511931,0.425907,0.5151,0.263696,0.0061176,0.00580232,0.0453312,0.257578,IMMEDIATE_EXCEEDS_PRESERVATION,True,0.170347,False,0.106094,False,1,True
823953:15:6,2026-05-11,DEFENSE,Los Angeles Dodgers,3,top,0,3-2,000,2,INV2_NO_PRIOR_CHALLENGE_SUCCESS,0,1.11991,BOTTOM,0.613836,0.422528,0.513926,0.315466,0.0061324,0.00581636,0.0454409,0.309334,IMMEDIATE_EXCEEDS_PRESERVATION,True,0.14998,False,0.0878213,False,1,True
825011:28:4,2026-05-12,OFFENSE,St. Louis Cardinals,3,top,2,2-2,101,2,INV2_AFTER_PRIOR_SUCCESS,0,0.631476,INSIDE,0.543243,0.150475,0.370455,0.201247,0.00803842,0.00756767,0.0570799,0.193209,IMMEDIATE_EXCEEDS_PRESERVATION,True,0.433157,False,0.216322,True,1,True
823382:1:4,2026-05-16,OFFENSE,Philadelphia Phillies,1,top,0,3-1,100,2,INV2_NO_PRIOR_CHALLENGE_SUCCESS,0,0.260599,BOTTOM,0.625,0.157247,0.434711,0.271694,0.0118579,0.0114693,0.0675441,0.259837,IMMEDIATE_EXCEEDS_PRESERVATION,True,0.11089,False,0.0600124,False,1,True
824600:4:5,2026-05-16,DEFENSE,Chicago Cubs,1,bottom,0,3-1,100,2,INV2_NO_PRIOR_CHALLENGE_SUCCESS,0,0.368066,OUTSIDE,0.625,0.234573,0.496555,0.310347,0.00982068,0.00940331,0.0570689,0.300526,IMMEDIATE_EXCEEDS_PRESERVATION,True,0.284668,False,0.161795,False,2,True
823138:17:5,2026-05-17,OFFENSE,Seattle Mariners,3,bottom,0,3-2,000,2,INV2_NO_PRIOR_CHALLENGE_SUCCESS,0,0.586037,OUTSIDE,0.613836,0.145303,0.470348,0.288716,0.00577355,0.0054956,0.0463062,0.282943,IMMEDIATE_EXCEEDS_PRESERVATION,True,0.807139,True,0.357637,True,0,False
825006:10:4,2026-05-17,OFFENSE,San Francisco Giants,2,top,0,3-1,100,2,INV2_AFTER_PRIOR_SUCCESS,0,0.918233,INSIDE,0.625,0.176373,0.364687,0.22793,0.0108305,0.0103169,0.0685668,0.217099,IMMEDIATE_EXCEEDS_PRESERVATION,True,1.04962,True,0.360156,True,1,True
825006:10:5,2026-05-17,OFFENSE,San Francisco Giants,2,top,0,3-2,100,2,INV2_AFTER_PRIOR_SUCCESS,0,0.0695085,INSIDE,1.04962,0.0977881,0.34313,0.360156,0.011198,0.010667,0.0708934,0.348958,IMMEDIATE_EXCEEDS_PRESERVATION,True,0.101575,False,0.0612623,False,1,True
823703:1:5,2026-05-20,OFFENSE,Houston Astros,1,top,0,3-1,100,2,INV2_NO_PRIOR_CHALLENGE_SUCCESS,0,1.22532,OUTSIDE,0.625,0.204789,0.45559,0.284744,0.0114199,0.0110457,0.0650494,0.273324,IMMEDIATE_EXCEEDS_PRESERVATION,False,0.14569,False,0.0906696,False,2,True
823786:8:6,2026-05-24,DEFENSE,Milwaukee Brewers,2,top,0,3-2,000,1,INV1_FAILURE_WITHIN_3_PA,1,1.75505,OUTSIDE,0.613836,0.428892,0.573983,0.352332,0.0308663,0.0299697,0.0701377,0.321465,IMMEDIATE_EXCEEDS_PRESERVATION,True,0.284668,False,0.17003,False,1,True
823948:5:3,2026-05-25,DEFENSE,Colorado Rockies,1,bottom,0,1-2,010,2,INV2_NO_PRIOR_CHALLENGE_SUCCESS,0,0.649304,BOTTOM,0.511931,0.350171,0.488883,0.250274,0.00997034,0.00954661,0.0579386,0.240304,IMMEDIATE_EXCEEDS_PRESERVATION,True,0.413169,False,0.205289,False,0,False
824756:0:8,2026-05-27,DEFENSE,Boston Red Sox,1,top,0,3-2,000,2,INV2_NO_PRIOR_CHALLENGE_SUCCESS,0,0.551102,BOTTOM,0.613836,0.334702,0.483073,0.296527,0.0104668,0.0100088,0.0613647,0.286061,IMMEDIATE_EXCEEDS_PRESERVATION,True,0.259431,False,0.158433,False,1,True
824836:9:5,2026-05-27,DEFENSE,Tampa Bay Rays,1,bottom,0,3-1,110,2,INV2_NO_PRIOR_CHALLENGE_SUCCESS,0,0.552698,INSIDE,0.807139,0.262959,0.407164,0.328638,0.0115644,0.011073,0.067202,0.317073,IMMEDIATE_EXCEEDS_PRESERVATION,True,0.613844,False,0.282068,False,2,True
822975:12:5,2026-05-30,OFFENSE,Tampa Bay Rays,1,bottom,1,3-2,111,2,INV2_NO_PRIOR_CHALLENGE_SUCCESS,0,0.622021,INSIDE,1.91013,0.149643,0.370516,0.707735,0.0108238,0.0103485,0.0699428,0.696911,IMMEDIATE_EXCEEDS_PRESERVATION,True,0.170347,False,0.119815,False,0,False
824352:10:5,2026-05-30,OFFENSE,Colorado Rockies,1,bottom,2,3-1,111,2,INV2_NO_PRIOR_CHALLENGE_SUCCESS,0,0.652098,INSIDE,0.973244,0.152289,0.370282,0.360375,0.0104926,0.0100218,0.0678921,0.349882,IMMEDIATE_EXCEEDS_PRESERVATION,False,0.11089,False,0.062804,False,2,True
824431:23:3,2026-05-30,OFFENSE,Boston Red Sox,3,top,2,3-0,111,2,INV2_NO_PRIOR_CHALLENGE_SUCCESS,0,0.0106525,BOTTOM,0.917778,0.124814,0.407201,0.37372,0.00756922,0.00712595,0.0537481,0.366151,IMMEDIATE_EXCEEDS_PRESERVATION,True,0.22869,False,0.115475,False,1,True
824832:11:8,2026-05-31,DEFENSE,Toronto Blue Jays,2,bottom,0,3-2,100,2,INV2_NO_PRIOR_CHALLENGE_SUCCESS,0,0.408675,INSIDE,1.04962,0.242332,0.39817,0.417928,0.00938632,0.0089678,0.0610694,0.408541,IMMEDIATE_EXCEEDS_PRESERVATION,True,0.807139,False,0.421137,True,2,True
825001:28:2,2026-05-31,OFFENSE,New York Yankees,3,top,0,0-2,110,2,INV2_NO_PRIOR_CHALLENGE_SUCCESS,0,0.22283,OUTSIDE,0.571504,0.112145,0.4571,0.261234,0.00742762,0.00707424,0.0516899,0.253807,IMMEDIATE_EXCEEDS_PRESERVATION,True,0.511931,False,0.234022,False,2,True
823698:0:9,2026-06-04,OFFENSE,Kansas City Royals,1,top,0,3-2,000,2,INV2_NO_PRIOR_CHALLENGE_SUCCESS,0,0.671526,BOTTOM,0.613836,0.200542,0.434933,0.266977,0.0119352,0.0115468,0.0677498,0.255042,IMMEDIATE_EXCEEDS_PRESERVATION,True,0.170172,False,0.109052,False,1,True
823860:20:6,2026-06-05,OFFENSE,Tampa Bay Rays,3,top,1,3-2,110,2,INV2_NO_PRIOR_CHALLENGE_SUCCESS,0,0.424703,INSIDE,1.20509,0.137659,0.371854,0.448118,0.00826511,0.00785698,0.0580316,0.439853,IMMEDIATE_EXCEEDS_PRESERVATION,True,0.211819,False,0.123483,False,1,True
823048:17:6,2026-06-06,DEFENSE,St. Louis Cardinals,3,top,0,3-2,000,2,INV2_NO_PRIOR_CHALLENGE_SUCCESS,0,0.252203,TOP,0.613836,0.172328,0.456476,0.280201,0.0066555,0.0063021,0.0500779,0.273546,IMMEDIATE_EXCEEDS_PRESERVATION,True,0.973244,True,0.501893,True,2,True
823453:16:4,2026-06-07,OFFENSE,Chicago White Sox,2,top,1,3-0,110,2,INV2_NO_PRIOR_CHALLENGE_SUCCESS,0,1.51965,OUTSIDE,0.556443,0.231633,0.45057,0.250717,0.00911254,0.00867501,0.0575219,0.241604,IMMEDIATE_EXCEEDS_PRESERVATION,True,1.04962,True,0.449553,True,1,True
824427:8:5,2026-06-08,OFFENSE,New York Yankees,2,top,0,3-2,000,2,INV2_NO_PRIOR_CHALLENGE_SUCCESS,0,0.824888,INSIDE,0.613836,0.1714,0.371132,0.227814,0.0106638,0.0101555,0.0675469,0.21715,IMMEDIATE_EXCEEDS_PRESERVATION,True,0.672067,True,0.28917,True,1,True
823214:13:5,2026-06-09,OFFENSE,Washington Nationals,2,top,2,3-2,001,2,INV2_NO_PRIOR_CHALLENGE_SUCCESS,0,1.11216,OUTSIDE,0.516487,0.190614,0.452757,0.233843,0.00882375,0.00834084,0.0571302,0.225019,IMMEDIATE_EXCEEDS_PRESERVATION,True,0.259431,False,0.109344,False,1,True
823290:20:4,2026-06-09,DEFENSE,San Diego Padres,3,top,1,3-0,110,2,INV2_NO_PRIOR_CHALLENGE_SUCCESS,0,0.572876,INSIDE,0.556443,0.268369,0.413233,0.22994,0.00680622,0.00644457,0.0531315,0.223134,IMMEDIATE_EXCEEDS_PRESERVATION,True,0.301352,False,0.127264,False,1,True
824023:29:7,2026-06-09,OFFENSE,Houston Astros,3,top,1,3-2,110,1,INV1_FAILURE_MORE_THAN_12_PA,1,0.135165,BOTTOM,1.20509,0.138931,0.424562,0.511636,0.0366452,0.0356969,0.0867707,0.474991,IMMEDIATE_EXCEEDS_PRESERVATION,False,0.0886411,False,0.0491361,False,1,True
824830:6:8,2026-06-09,DEFENSE,Seattle Mariners,1,bottom,1,3-2,110,2,INV2_NO_PRIOR_CHALLENGE_SUCCESS,0,0.390015,INSIDE,1.20509,0.243419,0.401336,0.483646,0.0111371,0.0106675,0.0664758,0.472509,IMMEDIATE_EXCEEDS_PRESERVATION,True,0.185276,False,0.0997177,False,2,True
823617:14:3,2026-06-12,OFFENSE,Atlanta Braves,2,top,1,3-0,111,2,INV2_NO_PRIOR_CHALLENGE_SUCCESS,0,1.76152,INSIDE,0.822124,0.267087,0.365365,0.300376,0.0105257,0.0100203,0.0664424,0.28985,IMMEDIATE_EXCEEDS_PRESERVATION,True,0.301352,False,0.138858,False,1,True
824505:18:5,2026-06-15,DEFENSE,New York Mets,2,bottom,1,0-2,111,1,INV1_FAILURE_WITHIN_3_PA,1,1.21958,TOP,0.819701,0.284712,0.525706,0.430922,0.0321272,0.0313,0.0736947,0.398795,IMMEDIATE_EXCEEDS_PRESERVATION,True,0.103383,False,0.0553104,False,0,False
824912:14:6,2026-06-16,DEFENSE,Atlanta Braves,2,top,0,3-2,100,2,INV2_NO_PRIOR_CHALLENGE_SUCCESS,0,0.960721,BOTTOM,1.04962,0.38237,0.507912,0.533114,0.00771743,0.00733436,0.0517877,0.525397,IMMEDIATE_EXCEEDS_PRESERVATION,False,0.196829,False,0.0719188,False,2,True
824097:14:8,2026-06-19,DEFENSE,Kansas City Royals,3,top,0,3-2,000,1,INV1_FAILURE_MORE_THAN_12_PA,1,1.43534,BOTTOM,0.613836,0.452286,0.540725,0.331916,0.029427,0.028562,0.0707201,0.302489,IMMEDIATE_EXCEEDS_PRESERVATION,True,0.101575,False,0.0575227,False,0,False
823126:15:6,2026-06-20,OFFENSE,Boston Red Sox,3,top,0,3-2,000,2,INV2_AFTER_PRIOR_SUCCESS,0,0.0899013,INSIDE,0.613836,0.102898,0.360144,0.221069,0.0086644,0.0082479,0.0607187,0.212405,IMMEDIATE_EXCEEDS_PRESERVATION,True,0.11089,False,0.0607409,False,2,True
823532:21:6,2026-06-20,DEFENSE,Cincinnati Reds,3,bottom,0,3-2,000,2,INV2_NO_PRIOR_CHALLENGE_SUCCESS,0,1.92252,INSIDE,0.613836,0.453589,0.50062,0.307298,0.00611077,0.00577436,0.0434607,0.301188,IMMEDIATE_EXCEEDS_PRESERVATION,True,0.170347,False,0.103297,False,2,True
824665:12:6,2026-06-20,DEFENSE,Toronto Blue Jays,2,bottom,0,1-2,110,2,INV2_NO_PRIOR_CHALLENGE_SUCCESS,0,2.62047,OUTSIDE,0.636795,0.541302,0.60984,0.388343,0.006106,0.00583468,0.0395105,0.382237,IMMEDIATE_EXCEEDS_PRESERVATION,True,0.11089,False,0.062555,False,1,True
823367:6:5,2026-06-24,DEFENSE,Seattle Mariners,1,bottom,0,3-2,000,2,INV2_NO_PRIOR_CHALLENGE_SUCCESS,0,0.0274777,BOTTOM,0.613836,0.225332,0.451318,0.277035,0.0107341,0.0102793,0.0622474,0.266301,IMMEDIATE_EXCEEDS_PRESERVATION,True,0.686591,True,0.351932,True,2,True
824259:13:4,2026-06-24,OFFENSE,Detroit Tigers,2,bottom,1,2-2,110,2,INV2_NO_PRIOR_CHALLENGE_SUCCESS,0,0.669848,OUTSIDE,0.533026,0.152577,0.45771,0.243972,0.00705224,0.00666262,0.0522877,0.236919,IMMEDIATE_EXCEEDS_PRESERVATION,True,0.0769062,False,0.0432454,False,0,False
822962:7:3,2026-06-26,DEFENSE,Arizona Diamondbacks,1,bottom,0,1-2,110,2,INV2_NO_PRIOR_CHALLENGE_SUCCESS,0,0.951981,BOTTOM,0.636795,0.381117,0.50722,0.322995,0.00964051,0.00923198,0.0559054,0.313355,IMMEDIATE_EXCEEDS_PRESERVATION,True,0.107964,False,0.0611641,False,1,True
823446:15:6,2026-07-01,DEFENSE,Pittsburgh Pirates,2,bottom,1,2-2,101,1,INV1_FAILURE_WITHIN_3_PA,1,2.2015,TOP,0.710039,0.396118,0.564318,0.400688,0.0296725,0.0289127,0.0683302,0.371015,IMMEDIATE_EXCEEDS_PRESERVATION,True,0.67282,False,0.246677,False,0,False
824334:3:6,2026-07-04,DEFENSE,Colorado Rockies,1,top,1,3-2,011,1,INV1_FAILURE_WITHIN_3_PA,1,0.0414702,OUTSIDE,1.16978,0.182419,0.500044,0.584942,0.0386568,0.037576,0.0841913,0.546285,IMMEDIATE_EXCEEDS_PRESERVATION,True,0.284668,False,0.159974,False,1,True
824499:24:7,2026-07-04,OFFENSE,Baltimore Orioles,3,top,0,2-2,010,2,INV2_NO_PRIOR_CHALLENGE_SUCCESS,0,0.0594997,OUTSIDE,0.627546,0.102313,0.457943,0.28738,0.00748042,0.00712759,0.0521992,0.2799,IMMEDIATE_EXCEEDS_PRESERVATION,True,0.312483,False,0.168335,False,1,True
824983:1:4,2026-07-04,DEFENSE,Athletics,1,top,0,3-1,100,2,INV2_NO_PRIOR_CHALLENGE_SUCCESS,0,0.0272096,TOP,0.625,0.140686,0.472995,0.295622,0.0105216,0.0100547,0.0617687,0.2851,IMMEDIATE_EXCEEDS_PRESERVATION,True,0.613836,False,0.225383,False,1,True
823280:3:4,2026-07-07,DEFENSE,San Diego Padres,1,top,0,1-2,111,2,INV2_NO_PRIOR_CHALLENGE_SUCCESS,0,0.108461,BOTTOM,0.787115,0.250197,0.480237,0.378002,0.010377,0.00991649,0.0609198,0.367625,IMMEDIATE_EXCEEDS_PRESERVATION,True,0.170347,False,0.0802167,False,1,True
823607:8:5,2026-07-07,OFFENSE,New York Mets,1,bottom,1,3-2,110,1,INV1_FAILURE_WITHIN_3_PA,1,1.05149,TOP,1.20509,0.147161,0.429799,0.517946,0.0418755,0.0408428,0.0944232,0.476071,IMMEDIATE_EXCEEDS_PRESERVATION,True,0.312483,False,0.154132,False,1,True
824820:10:6,2026-07-07,DEFENSE,Chicago Cubs,2,bottom,0,3-2,000,2,INV2_NO_PRIOR_CHALLENGE_SUCCESS,0,0.387504,INSIDE,0.613836,0.238535,0.409383,0.251294,0.00935424,0.00894351,0.0603138,0.24194,IMMEDIATE_EXCEEDS_PRESERVATION,True,0.752411,True,0.361479,True,2,True
822710:5:6,2026-07-08,OFFENSE,Washington Nationals,1,bottom,1,3-2,100,2,INV2_AFTER_PRIOR_SUCCESS,0,0.955189,OUTSIDE,0.686591,0.179362,0.456683,0.313555,0.00928993,0.00887977,0.0597405,0.304265,IMMEDIATE_EXCEEDS_PRESERVATION,True,0.284668,False,0.153284,False,1,True
824578:11:4,2026-07-08,DEFENSE,Boston Red Sox,2,bottom,0,1-2,110,1,INV1_FAILURE_4_TO_12_PA,1,1.34226,TOP,0.636795,0.290209,0.532634,0.339178,0.033154,0.0323259,0.0758027,0.306024,IMMEDIATE_EXCEEDS_PRESERVATION,True,0.284668,False,0.145807,False,1,True
823276:6:4,2026-07-11,DEFENSE,Toronto Blue Jays,1,bottom,0,3-0,110,2,INV2_NO_PRIOR_CHALLENGE_SUCCESS,0,0.247209,INSIDE,0.665521,0.21909,0.406242,0.270363,0.0117822,0.01129,0.0679353,0.25858,IMMEDIATE_EXCEEDS_PRESERVATION,True,0.312483,False,0.137283,False,1,True
823276:25:3,2026-07-11,OFFENSE,San Diego Padres,2,bottom,2,3-0,111,2,INV2_AFTER_PRIOR_SUCCESS,0,1.68498,BOTTOM,0.917778,0.31923,0.440842,0.404595,0.00730932,0.0070102,0.0529271,0.397285,IMMEDIATE_EXCEEDS_PRESERVATION,True,0.613836,False,0.293211,False,1,True
824576:19:6,2026-07-11,OFFENSE,Chicago White Sox,3,bottom,0,3-2,000,2,INV2_NO_PRIOR_CHALLENGE_SUCCESS,0,0.231191,OUTSIDE,0.613836,0.117754,0.456393,0.28015,0.0058381,0.00555282,0.0464607,0.274312,IMMEDIATE_EXCEEDS_PRESERVATION,True,0.11089,False,0.0621886,False,0,False
823274:15:2,2026-07-12,DEFENSE,Toronto Blue Jays,2,bottom,0,0-2,110,2,INV2_NO_PRIOR_CHALLENGE_SUCCESS,0,0.726775,BOTTOM,0.571504,0.346213,0.501693,0.28672,0.00789222,0.00754569,0.0508871,0.278827,IMMEDIATE_EXCEEDS_PRESERVATION,True,0.424616,False,0.237216,False,1,True
824090:7:8,2026-07-17,OFFENSE,San Diego Padres,2,top,0,3-2,100,2,INV2_NO_PRIOR_CHALLENGE_SUCCESS,0,1.0264,OUTSIDE,1.04962,0.185835,0.456989,0.479665,0.00936716,0.00892822,0.059108,0.470297,IMMEDIATE_EXCEEDS_PRESERVATION,True,0.410508,False,0.166762,False,1,True
824007:17:7,2026-07-19,DEFENSE,Detroit Tigers,2,bottom,2,2-2,101,2,INV2_NO_PRIOR_CHALLENGE_SUCCESS,0,1.34504,INSIDE,0.543243,0.36394,0.468348,0.254427,0.00775535,0.00735958,0.052885,0.246672,IMMEDIATE_EXCEEDS_PRESERVATION,False,,False,,False,2,True
824895:6:6,2026-07-21,DEFENSE,San Diego Padres,1,bottom,0,3-2,000,2,INV2_NO_PRIOR_CHALLENGE_SUCCESS,0,0.00567123,OUTSIDE,0.613836,0.176949,0.501615,0.307909,0.00988967,0.0094765,0.0570232,0.298019,IMMEDIATE_EXCEEDS_PRESERVATION,True,0.14569,False,0.0893868,False,0,False
823761:12:7,2026-07-22,DEFENSE,New York Mets,2,bottom,0,3-2,000,1,INV1_FAILURE_4_TO_12_PA,1,0.358779,BOTTOM,0.613836,0.292092,0.48181,0.295752,0.0367593,0.0358412,0.0840459,0.258993,IMMEDIATE_EXCEEDS_PRESERVATION,True,0.312483,False,0.172086,False,0,False
822704:12:6,2026-07-25,DEFENSE,Arizona Diamondbacks,2,bottom,0,3-2,000,2,INV2_NO_PRIOR_CHALLENGE_SUCCESS,0,0.608844,INSIDE,0.613836,0.267386,0.420157,0.257907,0.00918361,0.00878037,0.0592136,0.248724,IMMEDIATE_EXCEEDS_PRESERVATION,True,0.11089,False,0.0726119,False,2,True
823999:2:5,2026-07-31,OFFENSE,Milwaukee Brewers,1,top,1,3-2,010,2,INV2_NO_PRIOR_CHALLENGE_SUCCESS,0,0.255324,INSIDE,0.612193,0.124101,0.367212,0.224805,0.013102,0.0125997,0.0753626,0.211703,IMMEDIATE_EXCEEDS_PRESERVATION,True,0.232675,False,0.121976,False,0,False
824809:24:2,2026-07-31,OFFENSE,Baltimore Orioles,3,bottom,0,0-2,110,1,INV1_FAILURE_MORE_THAN_12_PA,1,0.287437,OUTSIDE,0.571504,0.122664,0.45607,0.260646,0.0320277,0.0310288,0.0790847,0.228618,IMMEDIATE_EXCEEDS_PRESERVATION,True,0.120206,False,0.0654668,False,0,False
823270:18:5,2026-08-02,OFFENSE,San Diego Padres,2,bottom,2,3-1,111,2,INV2_AFTER_PRIOR_SUCCESS,0,0.179745,INSIDE,0.973244,0.117535,0.364642,0.354886,0.00806244,0.00772257,0.0595467,0.346823,IMMEDIATE_EXCEEDS_PRESERVATION,True,0.211819,False,0.117057,False,1,True
823919:0:10,2026-08-02,DEFENSE,Los Angeles Dodgers,1,top,0,3-2,000,2,INV2_NO_PRIOR_CHALLENGE_SUCCESS,0,1.91359,TOP,0.613836,0.37019,0.594212,0.364749,0.0079195,0.00755994,0.0475026,0.356829,IMMEDIATE_EXCEEDS_PRESERVATION,True,0.185737,False,0.105959,False,1,True
823754:0:10,2026-08-06,DEFENSE,Milwaukee Brewers,1,top,0,3-2,000,2,INV2_NO_PRIOR_CHALLENGE_SUCCESS,0,0.262813,TOP,0.613836,0.172742,0.473497,0.290649,0.0102754,0.00980889,0.0616337,0.280374,IMMEDIATE_EXCEEDS_PRESERVATION,True,0.613836,False,0.287133,False,1,True
822863:18:8,2026-08-07,OFFENSE,Texas Rangers,3,bottom,0,3-2,000,1,INV1_FAILURE_MORE_THAN_12_PA,1,0.134082,OUTSIDE,0.613836,0.107546,0.466969,0.286642,0.0314594,0.0304805,0.0783166,0.255183,IMMEDIATE_EXCEEDS_PRESERVATION,True,,False,,False,0,False
825049:17:7,2026-08-08,OFFENSE,Arizona Diamondbacks,3,bottom,0,3-2,000,2,INV2_NO_PRIOR_CHALLENGE_SUCCESS,0,0.840047,OUTSIDE,0.613836,0.163501,0.436434,0.267899,0.00591883,0.00562308,0.0480236,0.26198,IMMEDIATE_EXCEEDS_PRESERVATION,True,0.120206,False,0.0820243,False,1,True
823190:14:5,2026-08-09,DEFENSE,San Francisco Giants,3,top,0,3-2,000,1,INV1_FAILURE_MORE_THAN_12_PA,1,0.32238,INSIDE,0.613836,0.230063,0.382449,0.234761,0.0395724,0.0384094,0.0950574,0.195189,IMMEDIATE_EXCEEDS_PRESERVATION,True,0.256916,False,0.118518,False,1,True
824887:3:7,2026-08-10,DEFENSE,Atlanta Braves,1,top,1,3-2,100,2,INV2_NO_PRIOR_CHALLENGE_SUCCESS,0,2.74377,INSIDE,0.686591,0.563852,0.530835,0.364467,0.00875976,0.0083149,0.0541262,0.355707,IMMEDIATE_EXCEEDS_PRESERVATION,True,0.170172,False,0.0954167,False,2,True
825048:10:6,2026-08-10,DEFENSE,Arizona Diamondbacks,2,top,0,3-2,000,2,INV2_NO_PRIOR_CHALLENGE_SUCCESS,0,0.00454843,INSIDE,0.613836,0.185394,0.373171,0.229066,0.00980019,0.00931223,0.0652782,0.219265,IMMEDIATE_EXCEEDS_PRESERVATION,True,0.101575,False,0.0587953,False,1,True
822778:13:6,2026-08-11,DEFENSE,Toronto Blue Jays,3,top,0,3-2,000,2,INV2_NO_PRIOR_CHALLENGE_SUCCESS,0,0.632767,INSIDE,0.613836,0.268576,0.403958,0.247964,0.00730695,0.00691941,0.0547172,0.240657,IMMEDIATE_EXCEEDS_PRESERVATION,True,0.204468,False,0.101225,False,1,True
823186:5:3,2026-08-11,OFFENSE,Houston Astros,1,top,2,3-0,111,2,INV2_NO_PRIOR_CHALLENGE_SUCCESS,0,0.568709,INSIDE,0.917778,0.149559,0.344283,0.315976,0.01308,0.0124315,0.0754553,0.302896,IMMEDIATE_EXCEEDS_PRESERVATION,True,0.170172,False,0.0931645,False,0,False
823916:4:9,2026-08-12,OFFENSE,Kansas City Royals,1,top,2,3-2,110,2,INV2_NO_PRIOR_CHALLENGE_SUCCESS,0,2.42536,INSIDE,0.743457,0.350857,0.352076,0.261753,0.0129245,0.0122838,0.0745586,0.248829,IMMEDIATE_EXCEEDS_PRESERVATION,True,0.211819,False,0.13726,False,1,True
822859:26:4,2026-08-18,DEFENSE,Washington Nationals,3,bottom,1,0-2,111,2,INV2_NO_PRIOR_CHALLENGE_SUCCESS,0,0.555036,BOTTOM,0.819701,0.314444,0.463527,0.379954,0.00620347,0.00577432,0.0455971,0.37375,IMMEDIATE_EXCEEDS_PRESERVATION,True,0.433157,False,0.176321,False,1,True
823587:11:4,2026-08-19,OFFENSE,San Diego Padres,2,top,1,3-1,110,1,INV1_FAILURE_WITHIN_3_PA,1,0.826697,OUTSIDE,0.672067,0.162387,0.436499,0.293357,0.0404039,0.0391879,0.0922431,0.252953,IMMEDIATE_EXCEEDS_PRESERVATION,True,0.170347,False,0.0942608,False,0,False
824801:7:6,2026-08-19,DEFENSE,New York Yankees,1,bottom,1,2-2,110,2,INV2_NO_PRIOR_CHALLENGE_SUCCESS,0,2.24203,INSIDE,0.533026,0.493983,0.514161,0.274061,0.00898826,0.00860719,0.0534457,0.265073,IMMEDIATE_EXCEEDS_PRESERVATION,True,0.613836,True,0.211126,False,0,False
823911:8:5,2026-08-21,OFFENSE,Los Angeles Dodgers,1,bottom,1,3-2,100,2,INV2_NO_PRIOR_CHALLENGE_SUCCESS,0,0.879445,TOP,0.686591,0.134616,0.431335,0.296151,0.00943198,0.00900268,0.061931,0.286719,IMMEDIATE_EXCEEDS_PRESERVATION,True,0.409595,False,0.202005,False,1,True
823911:28:6,2026-08-21,DEFENSE,Pittsburgh Pirates,3,bottom,2,3-2,110,1,INV1_FAILURE_4_TO_12_PA,1,0.107938,INSIDE,0.743457,0.200692,0.37435,0.278313,0.0360044,0.034837,0.0896752,0.242309,IMMEDIATE_EXCEEDS_PRESERVATION,True,0.221459,False,0.105978,False,0,False
824150:14:6,2026-08-23,DEFENSE,Athletics,2,bottom,0,2-2,010,2,INV2_NO_PRIOR_CHALLENGE_SUCCESS,0,1.59933,BOTTOM,0.627546,0.465725,0.547901,0.343833,0.00700128,0.00668688,0.0452267,0.336832,IMMEDIATE_EXCEEDS_PRESERVATION,True,0.424616,False,0.18802,False,0,False
825043:19:4,2026-08-23,DEFENSE,Arizona Diamondbacks,3,top,0,1-2,011,2,INV2_AFTER_PRIOR_SUCCESS,0,0.296783,BOTTOM,0.644844,0.27768,0.446165,0.287707,0.00678952,0.00642942,0.0508424,0.280918,IMMEDIATE_EXCEEDS_PRESERVATION,True,0.185737,False,0.0832249,False,1,True
823097:27:4,2026-08-24,DEFENSE,Philadelphia Phillies,3,bottom,0,2-2,101,2,INV2_NO_PRIOR_CHALLENGE_SUCCESS,0,0.803392,TOP,0.727527,0.229524,0.514215,0.374105,0.0058789,0.00555164,0.0417045,0.368226,IMMEDIATE_EXCEEDS_PRESERVATION,False,0.11089,False,0.0610019,False,2,True
824557:36:5,2026-08-24,OFFENSE,Chicago White Sox,3,bottom,2,3-1,111,1,INV1_FAILURE_MORE_THAN_12_PA,1,0.493592,BOTTOM,0.973244,0.180171,0.409632,0.398672,0.0335634,0.0324124,0.0841831,0.365109,IMMEDIATE_EXCEEDS_PRESERVATION,True,0.120445,False,0.0486614,False,0,False
823259:4:7,2026-08-25,DEFENSE,San Diego Padres,1,top,2,3-2,011,1,INV1_FAILURE_WITHIN_3_PA,1,2.17076,INSIDE,0.743457,0.48361,0.511173,0.380035,0.0364658,0.0353189,0.0816356,0.343569,IMMEDIATE_EXCEEDS_PRESERVATION,True,0.103383,False,0.0569239,False,0,False
823180:4:6,2026-08-26,OFFENSE,Cincinnati Reds,1,top,2,3-2,110,2,INV2_NO_PRIOR_CHALLENGE_SUCCESS,0,2.0153,OUTSIDE,0.743457,0.286073,0.447131,0.332423,0.0110284,0.0104816,0.0636202,0.321395,IMMEDIATE_EXCEEDS_PRESERVATION,True,0.743457,False,0.299637,False,2,True
823180:9:4,2026-08-26,DEFENSE,Cincinnati Reds,1,bottom,2,2-2,101,2,INV2_NO_PRIOR_CHALLENGE_SUCCESS,0,0.498914,OUTSIDE,0.543243,0.24097,0.493379,0.268024,0.00890819,0.00848173,0.0546578,0.259116,IMMEDIATE_EXCEEDS_PRESERVATION,True,0.743457,True,0.299637,True,2,True
823177:12:6,2026-08-29,DEFENSE,Arizona Diamondbacks,2,bottom,0,3-2,000,2,INV2_NO_PRIOR_CHALLENGE_SUCCESS,0,0.0227887,OUTSIDE,0.613836,0.179009,0.471865,0.289648,0.00817879,0.00781151,0.0528331,0.281469,IMMEDIATE_EXCEEDS_PRESERVATION,True,0.170347,False,0.0929797,False,1,True
823665:5:6,2026-08-29,OFFENSE,Chicago White Sox,1,top,2,3-2,101,2,INV2_AFTER_PRIOR_SUCCESS,0,0.148173,BOTTOM,0.743457,0.145312,0.431689,0.320943,0.0113364,0.0107744,0.0653972,0.309606,IMMEDIATE_EXCEEDS_PRESERVATION,True,0.613836,False,0.289771,False,2,True
823010:11:5,2026-08-30,OFFENSE,Pittsburgh Pirates,2,top,0,3-1,100,2,INV2_NO_PRIOR_CHALLENGE_SUCCESS,0,0.140263,TOP,0.625,0.0860268,0.461329,0.288331,0.00905195,0.00861652,0.0572566,0.279279,IMMEDIATE_EXCEEDS_PRESERVATION,True,0.170172,False,0.0936759,False,1,True
825038:24:5,2026-09-01,OFFENSE,Arizona Diamondbacks,3,bottom,0,3-2,110,1,INV1_FAILURE_4_TO_12_PA,1,0.491431,INSIDE,1.55955,0.143672,0.368064,0.574014,0.0372205,0.0360599,0.0923287,0.536794,IMMEDIATE_EXCEEDS_PRESERVATION,True,0.107964,False,0.0627861,False,0,False
824388:7:5,2026-09-03,DEFENSE,Toronto Blue Jays,1,bottom,2,2-2,011,2,INV2_NO_PRIOR_CHALLENGE_SUCCESS,0,0.194506,BOTTOM,0.510561,0.264065,0.451472,0.230504,0.00962092,0.00915919,0.0597849,0.220883,IMMEDIATE_EXCEEDS_PRESERVATION,True,0.424616,False,0.155201,False,1,True
824424:1:7,2026-09-04,DEFENSE,Cleveland Guardians,1,top,0,3-2,100,2,INV2_NO_PRIOR_CHALLENGE_SUCCESS,0,0.471921,OUTSIDE,1.04962,0.239649,0.488657,0.512904,0.0100481,0.00959501,0.0600237,0.502856,IMMEDIATE_EXCEEDS_PRESERVATION,True,0.312483,False,0.14266,False,1,True
824389:19:4,2026-09-05,DEFENSE,Cleveland Guardians,3,top,0,3-1,100,2,INV2_NO_PRIOR_CHALLENGE_SUCCESS,0,0.360163,OUTSIDE,0.625,0.224981,0.481078,0.300674,0.00640077,0.00606337,0.0478503,0.294273,IMMEDIATE_EXCEEDS_PRESERVATION,False,0.103383,False,0.0466437,False,2,True
824469:16:5,2026-09-06,DEFENSE,Milwaukee Brewers,2,bottom,1,2-2,111,2,INV2_NO_PRIOR_CHALLENGE_SUCCESS,0,1.91092,OUTSIDE,0.97238,0.438861,0.589846,0.573555,0.00604668,0.00578574,0.0404684,0.567508,IMMEDIATE_EXCEEDS_PRESERVATION,True,0.170347,False,0.0951994,False,0,False
