variant,model,term,odds_ratio,ci_low,ci_high,n
PRIMARY,M0_exploratory_modelA,inv1,0.660668,0.606481,0.719695,19899
PRIMARY,M1_gross_ev,inv1,0.673374,0.618381,0.733257,19899
PRIMARY,M1_gross_ev,lprop,2.69308,2.52991,2.86677,19899
PRIMARY,M2_ev_plus_cost,inv1,0.797127,0.680466,0.933788,19899
PRIMARY,M2_ev_plus_cost,lprop,2.67607,2.51321,2.84949,19899
PRIMARY,M2_ev_plus_cost,cost4,0.0369651,0.00250324,0.545858,19899
PRIMARY,M3_net_value,inv1,0.728251,0.666588,0.795617,19899
PRIMARY,M3_net_value,lprop,2.68452,2.52182,2.85773,19899
PRIMARY,M3i_net_x_inv,inv1,0.707986,0.623384,0.804069,19899
PRIMARY,M3i_net_x_inv,inv1:net4,1.06674,0.773302,1.47153,19899
PRIMARY,M3i_net_x_inv,lprop,2.70078,2.5375,2.87456,19899
PRIMARY,M3i_net_x_inv,net4,4.09488,3.43122,4.8869,19899
PRIMARY,M1i_ev_x_inv,inv1,0.665474,0.580555,0.762814,19899
PRIMARY,M1i_ev_x_inv,inv1:ev4,1.02438,0.745956,1.40672,19899
PRIMARY,M1i_ev_x_inv,lprop,2.70797,2.54428,2.88219,19899
PRIMARY,M1i_ev_x_inv,ev4,4.08184,3.42222,4.86861,19899
PRIMARY,descriptive,passed_with_immediate_exceeds_share_of_passes,0.851762,,,19899
cost_policy_tau_0.00,M0_exploratory_modelA,inv1,0.660668,0.606481,0.719695,19899
cost_policy_tau_0.00,M1_gross_ev,inv1,0.673374,0.618381,0.733257,19899
cost_policy_tau_0.00,M1_gross_ev,lprop,2.69308,2.52991,2.86677,19899
cost_policy_tau_0.00,M2_ev_plus_cost,inv1,0.721132,0.635581,0.818199,19899
cost_policy_tau_0.00,M2_ev_plus_cost,lprop,2.67466,2.51064,2.8494,19899
cost_policy_tau_0.00,M2_ev_plus_cost,cost4,0.447404,0.147042,1.36132,19899
cost_policy_tau_0.00,M3_net_value,inv1,0.771294,0.705223,0.843556,19899
cost_policy_tau_0.00,M3_net_value,lprop,2.65204,2.49103,2.82345,19899
cost_policy_tau_0.00,M3i_net_x_inv,inv1,0.739563,0.663787,0.82399,19899
cost_policy_tau_0.00,M3i_net_x_inv,inv1:net4,1.12519,0.816248,1.55106,19899
cost_policy_tau_0.00,M3i_net_x_inv,lprop,2.67593,2.51413,2.84814,19899
cost_policy_tau_0.00,M3i_net_x_inv,net4,4.07701,3.41288,4.87037,19899
cost_policy_tau_0.00,M1i_ev_x_inv,inv1,0.665474,0.580555,0.762814,19899
cost_policy_tau_0.00,M1i_ev_x_inv,inv1:ev4,1.02438,0.745956,1.40672,19899
cost_policy_tau_0.00,M1i_ev_x_inv,lprop,2.70797,2.54428,2.88219,19899
cost_policy_tau_0.00,M1i_ev_x_inv,ev4,4.08184,3.42222,4.86861,19899
cost_policy_tau_0.00,descriptive,passed_with_immediate_exceeds_share_of_passes,0.851762,,,19899
cost_policy_tau_0.05,M0_exploratory_modelA,inv1,0.660668,0.606481,0.719695,19899
cost_policy_tau_0.05,M1_gross_ev,inv1,0.673374,0.618381,0.733257,19899
cost_policy_tau_0.05,M1_gross_ev,lprop,2.69308,2.52991,2.86677,19899
cost_policy_tau_0.05,M2_ev_plus_cost,inv1,0.759631,0.662673,0.870775,19899
cost_policy_tau_0.05,M2_ev_plus_cost,lprop,2.66741,2.5041,2.84137,19899
cost_policy_tau_0.05,M2_ev_plus_cost,cost4,0.286017,0.0922777,0.886516,19899
cost_policy_tau_0.05,M3_net_value,inv1,0.784619,0.716277,0.859482,19899
cost_policy_tau_0.05,M3_net_value,lprop,2.65743,2.49612,2.82917,19899
cost_policy_tau_0.05,M3i_net_x_inv,inv1,0.754366,0.675887,0.841959,19899
cost_policy_tau_0.05,M3i_net_x_inv,inv1:net4,1.10441,0.801559,1.52168,19899
cost_policy_tau_0.05,M3i_net_x_inv,lprop,2.67898,2.51698,2.8514,19899
cost_policy_tau_0.05,M3i_net_x_inv,net4,4.12338,3.4494,4.92906,19899
cost_policy_tau_0.05,M1i_ev_x_inv,inv1,0.665474,0.580555,0.762814,19899
cost_policy_tau_0.05,M1i_ev_x_inv,inv1:ev4,1.02438,0.745956,1.40672,19899
cost_policy_tau_0.05,M1i_ev_x_inv,lprop,2.70797,2.54428,2.88219,19899
cost_policy_tau_0.05,M1i_ev_x_inv,ev4,4.08184,3.42222,4.86861,19899
cost_policy_tau_0.05,descriptive,passed_with_immediate_exceeds_share_of_passes,0.851762,,,19899
cost_policy_tau_0.10,M0_exploratory_modelA,inv1,0.660668,0.606481,0.719695,19899
cost_policy_tau_0.10,M1_gross_ev,inv1,0.673374,0.618381,0.733257,19899
cost_policy_tau_0.10,M1_gross_ev,lprop,2.69308,2.52991,2.86677,19899
cost_policy_tau_0.10,M2_ev_plus_cost,inv1,0.805761,0.688991,0.94232,19899
cost_policy_tau_0.10,M2_ev_plus_cost,lprop,2.67554,2.51277,2.84885,19899
cost_policy_tau_0.10,M2_ev_plus_cost,cost4,0.126996,0.0265561,0.607317,19899
cost_policy_tau_0.10,M3_net_value,inv1,0.773878,0.705944,0.848349,19899
cost_policy_tau_0.10,M3_net_value,lprop,2.68091,2.51845,2.85386,19899
cost_policy_tau_0.10,M3i_net_x_inv,inv1,0.745084,0.660174,0.840915,19899
cost_policy_tau_0.10,M3i_net_x_inv,inv1:net4,1.07699,0.78082,1.48551,19899
cost_policy_tau_0.10,M3i_net_x_inv,lprop,2.69599,2.53298,2.86948,19899
cost_policy_tau_0.10,M3i_net_x_inv,net4,4.11314,3.44481,4.91113,19899
cost_policy_tau_0.10,M1i_ev_x_inv,inv1,0.665474,0.580555,0.762814,19899
cost_policy_tau_0.10,M1i_ev_x_inv,inv1:ev4,1.02438,0.745956,1.40672,19899
cost_policy_tau_0.10,M1i_ev_x_inv,lprop,2.70797,2.54428,2.88219,19899
cost_policy_tau_0.10,M1i_ev_x_inv,ev4,4.08184,3.42222,4.86861,19899
cost_policy_tau_0.10,descriptive,passed_with_immediate_exceeds_share_of_passes,0.851762,,,19899
cost_policy_league_behavior,M0_exploratory_modelA,inv1,0.660668,0.606481,0.719695,19899
cost_policy_league_behavior,M1_gross_ev,inv1,0.673374,0.618381,0.733257,19899
cost_policy_league_behavior,M1_gross_ev,lprop,2.69308,2.52991,2.86677,19899
cost_policy_league_behavior,M2_ev_plus_cost,inv1,0.797127,0.680466,0.933788,19899
cost_policy_league_behavior,M2_ev_plus_cost,lprop,2.67607,2.51321,2.84949,19899
cost_policy_league_behavior,M2_ev_plus_cost,cost4,0.0369651,0.00250324,0.545858,19899
cost_policy_league_behavior,M3_net_value,inv1,0.728251,0.666588,0.795617,19899
cost_policy_league_behavior,M3_net_value,lprop,2.68452,2.52182,2.85773,19899
cost_policy_league_behavior,M3i_net_x_inv,inv1,0.707986,0.623384,0.804069,19899
cost_policy_league_behavior,M3i_net_x_inv,inv1:net4,1.06674,0.773302,1.47153,19899
cost_policy_league_behavior,M3i_net_x_inv,lprop,2.70078,2.5375,2.87456,19899
cost_policy_league_behavior,M3i_net_x_inv,net4,4.09488,3.43122,4.8869,19899
cost_policy_league_behavior,M1i_ev_x_inv,inv1,0.665474,0.580555,0.762814,19899
cost_policy_league_behavior,M1i_ev_x_inv,inv1:ev4,1.02438,0.745956,1.40672,19899
cost_policy_league_behavior,M1i_ev_x_inv,lprop,2.70797,2.54428,2.88219,19899
cost_policy_league_behavior,M1i_ev_x_inv,ev4,4.08184,3.42222,4.86861,19899
cost_policy_league_behavior,descriptive,passed_with_immediate_exceeds_share_of_passes,0.851762,,,19899
cost_policy_prophet,M0_exploratory_modelA,inv1,0.660668,0.606481,0.719695,19899
cost_policy_prophet,M1_gross_ev,inv1,0.673374,0.618381,0.733257,19899
cost_policy_prophet,M1_gross_ev,lprop,2.69308,2.52991,2.86677,19899
cost_policy_prophet,M2_ev_plus_cost,inv1,0.723362,0.632027,0.827895,19899
cost_policy_prophet,M2_ev_plus_cost,lprop,2.67574,2.51161,2.85059,19899
cost_policy_prophet,M2_ev_plus_cost,cost4,0.403706,0.104133,1.56511,19899
cost_policy_prophet,M3_net_value,inv1,0.761375,0.695892,0.83302,19899
cost_policy_prophet,M3_net_value,lprop,2.65814,2.49682,2.82989,19899
cost_policy_prophet,M3i_net_x_inv,inv1,0.733926,0.656786,0.820127,19899
cost_policy_prophet,M3i_net_x_inv,inv1:net4,1.1097,0.804133,1.53139,19899
cost_policy_prophet,M3i_net_x_inv,lprop,2.68121,2.51911,2.85373,19899
cost_policy_prophet,M3i_net_x_inv,net4,4.08873,3.42177,4.88569,19899
cost_policy_prophet,M1i_ev_x_inv,inv1,0.665474,0.580555,0.762814,19899
cost_policy_prophet,M1i_ev_x_inv,inv1:ev4,1.02438,0.745956,1.40672,19899
cost_policy_prophet,M1i_ev_x_inv,lprop,2.70797,2.54428,2.88219,19899
cost_policy_prophet,M1i_ev_x_inv,ev4,4.08184,3.42222,4.86861,19899
cost_policy_prophet,descriptive,passed_with_immediate_exceeds_share_of_passes,0.851762,,,19899
success_model_oracle_p1,M0_exploratory_modelA,inv1,0.660668,0.606481,0.719695,19899
success_model_oracle_p1,M1_gross_ev,inv1,0.669067,0.614271,0.728751,19899
success_model_oracle_p1,M1_gross_ev,lprop,2.77948,2.61032,2.95959,19899
success_model_oracle_p1,M2_ev_plus_cost,inv1,,,,
success_model_oracle_p1,M3_net_value,inv1,0.669067,0.614271,0.728751,19899
success_model_oracle_p1,M3_net_value,lprop,2.77948,2.61032,2.95959,19899
success_model_oracle_p1,M3i_net_x_inv,inv1,0.667756,0.587443,0.75905,19899
success_model_oracle_p1,M3i_net_x_inv,inv1:net4,0.999137,0.856733,1.16521,19899
success_model_oracle_p1,M3i_net_x_inv,lprop,2.77965,2.61109,2.95909,19899
success_model_oracle_p1,M3i_net_x_inv,net4,1.99171,1.82963,2.16815,19899
success_model_oracle_p1,M1i_ev_x_inv,inv1,0.667756,0.587443,0.75905,19899
success_model_oracle_p1,M1i_ev_x_inv,inv1:ev4,0.999137,0.856733,1.16521,19899
success_model_oracle_p1,M1i_ev_x_inv,lprop,2.77965,2.61109,2.95909,19899
success_model_oracle_p1,M1i_ev_x_inv,ev4,1.99171,1.82963,2.16815,19899
success_model_oracle_p1,descriptive,passed_with_immediate_exceeds_share_of_passes,0.99906,,,19899
success_model_coarse_S0,M0_exploratory_modelA,inv1,0.660668,0.606481,0.719695,19899
success_model_coarse_S0,M1_gross_ev,inv1,0.671677,0.616862,0.731363,19899
success_model_coarse_S0,M1_gross_ev,lprop,2.76828,2.6005,2.94689,19899
success_model_coarse_S0,M2_ev_plus_cost,inv1,0.770626,0.654935,0.906755,19899
success_model_coarse_S0,M2_ev_plus_cost,lprop,2.76811,2.6002,2.94685,19899
success_model_coarse_S0,M2_ev_plus_cost,cost4,0.0671846,0.00409341,1.10269,19899
success_model_coarse_S0,M3_net_value,inv1,0.726123,0.664799,0.793104,19899
success_model_coarse_S0,M3_net_value,lprop,2.76863,2.60074,2.94735,19899
success_model_coarse_S0,M3i_net_x_inv,inv1,0.708215,0.622964,0.805134,19899
success_model_coarse_S0,M3i_net_x_inv,inv1:net4,1.04762,0.756869,1.45005,19899
success_model_coarse_S0,M3i_net_x_inv,lprop,2.77042,2.60281,2.94883,19899
success_model_coarse_S0,M3i_net_x_inv,net4,3.87613,3.24784,4.62595,19899
success_model_coarse_S0,M1i_ev_x_inv,inv1,0.667867,0.582004,0.766397,19899
success_model_coarse_S0,M1i_ev_x_inv,inv1:ev4,1.00956,0.733146,1.3902,19899
success_model_coarse_S0,M1i_ev_x_inv,lprop,2.77019,2.60266,2.94851,19899
success_model_coarse_S0,M1i_ev_x_inv,ev4,3.86682,3.24222,4.61175,19899
success_model_coarse_S0,descriptive,passed_with_immediate_exceeds_share_of_passes,0.860222,,,19899
success_model_public_information,M0_exploratory_modelA,inv1,0.660668,0.606481,0.719695,19899
success_model_public_information,M1_gross_ev,inv1,0.668319,0.613692,0.727807,19899
success_model_public_information,M1_gross_ev,lprop,4.29042,3.88364,4.73981,19899
success_model_public_information,M2_ev_plus_cost,inv1,0.816618,0.702899,0.948736,19899
success_model_public_information,M2_ev_plus_cost,lprop,4.47705,4.04157,4.95944,19899
success_model_public_information,M2_ev_plus_cost,cost4,0.00144859,2.37891e-05,0.0882086,19899
success_model_public_information,M3_net_value,inv1,0.72893,0.666842,0.7968,19899
success_model_public_information,M3_net_value,lprop,4.2356,3.8676,4.63862,19899
success_model_public_information,M3i_net_x_inv,inv1,0.701386,0.632917,0.777262,19899
success_model_public_information,M3i_net_x_inv,inv1:net4,1.04946,0.693445,1.58825,19899
success_model_public_information,M3i_net_x_inv,lprop,3.64011,3.3898,3.9089,19899
success_model_public_information,M3i_net_x_inv,net4,5.66645,4.52497,7.09588,19899
success_model_public_information,M1i_ev_x_inv,inv1,0.666385,0.596152,0.744891,19899
success_model_public_information,M1i_ev_x_inv,inv1:ev4,1.02594,0.674014,1.56163,19899
success_model_public_information,M1i_ev_x_inv,lprop,3.58932,3.34492,3.85157,19899
success_model_public_information,M1i_ev_x_inv,ev4,5.6605,4.51615,7.09483,19899
success_model_public_information,descriptive,passed_with_immediate_exceeds_share_of_passes,0.610876,,,19899
success_model_chronological_only_no_march,M0_exploratory_modelA,inv1,0.653816,0.599398,0.713174,19178
success_model_chronological_only_no_march,M1_gross_ev,inv1,0.665235,0.610114,0.725335,19178
success_model_chronological_only_no_march,M1_gross_ev,lprop,2.66886,2.50369,2.84492,19178
success_model_chronological_only_no_march,M2_ev_plus_cost,inv1,0.784169,0.667657,0.921013,19178
success_model_chronological_only_no_march,M2_ev_plus_cost,lprop,2.64867,2.48382,2.82446,19178
success_model_chronological_only_no_march,M2_ev_plus_cost,cost4,0.035141,0.00208873,0.591217,19178
success_model_chronological_only_no_march,M3_net_value,inv1,0.717803,0.656227,0.785157,19178
success_model_chronological_only_no_march,M3_net_value,lprop,2.65906,2.49444,2.83455,19178
success_model_chronological_only_no_march,M3i_net_x_inv,inv1,0.710941,0.624216,0.809715,19178
success_model_chronological_only_no_march,M3i_net_x_inv,inv1:net4,1.00817,0.723951,1.40397,19178
success_model_chronological_only_no_march,M3i_net_x_inv,lprop,2.67478,2.5095,2.85094,19178
success_model_chronological_only_no_march,M3i_net_x_inv,net4,4.2932,3.57456,5.15631,19178
success_model_chronological_only_no_march,M1i_ev_x_inv,inv1,0.669731,0.582599,0.769895,19178
success_model_chronological_only_no_march,M1i_ev_x_inv,inv1:ev4,0.972749,0.701514,1.34886,19178
success_model_chronological_only_no_march,M1i_ev_x_inv,lprop,2.68347,2.51767,2.86019,19178
success_model_chronological_only_no_march,M1i_ev_x_inv,ev4,4.27626,3.56224,5.13341,19178
success_model_chronological_only_no_march,descriptive,passed_with_immediate_exceeds_share_of_passes,0.860054,,,19178
RE_sprint5_smoothing,M0_exploratory_modelA,inv1,0.657482,0.60358,0.716197,19899
RE_sprint5_smoothing,M1_gross_ev,inv1,0.664765,0.610536,0.72381,19899
RE_sprint5_smoothing,M1_gross_ev,lprop,2.70651,2.54232,2.88131,19899
RE_sprint5_smoothing,M2_ev_plus_cost,inv1,0.786248,0.669876,0.922837,19899
RE_sprint5_smoothing,M2_ev_plus_cost,lprop,2.68926,2.52532,2.86385,19899
RE_sprint5_smoothing,M2_ev_plus_cost,cost4,0.0341231,0.00203734,0.571522,19899
RE_sprint5_smoothing,M3_net_value,inv1,0.721664,0.661725,0.787031,19899
RE_sprint5_smoothing,M3_net_value,lprop,2.69898,2.53518,2.87336,19899
RE_sprint5_smoothing,M3i_net_x_inv,inv1,0.700777,0.622097,0.789407,19899
RE_sprint5_smoothing,M3i_net_x_inv,inv1:net4,1.05517,0.792267,1.40532,19899
RE_sprint5_smoothing,M3i_net_x_inv,lprop,2.70732,2.54318,2.88206,19899
RE_sprint5_smoothing,M3i_net_x_inv,net4,4.00202,3.4154,4.68941,19899
RE_sprint5_smoothing,M1i_ev_x_inv,inv1,0.659597,0.580963,0.748874,19899
RE_sprint5_smoothing,M1i_ev_x_inv,inv1:ev4,1.02061,0.768662,1.35513,19899
RE_sprint5_smoothing,M1i_ev_x_inv,lprop,2.71445,2.54992,2.8896,19899
RE_sprint5_smoothing,M1i_ev_x_inv,ev4,3.98887,3.40562,4.67199,19899
RE_sprint5_smoothing,descriptive,passed_with_immediate_exceeds_share_of_passes,0.765962,,,19899
exclude_unrecorded_runner_action_flag,M0_exploratory_modelA,inv1,0.658649,0.604225,0.717975,19729
exclude_unrecorded_runner_action_flag,M1_gross_ev,inv1,0.671404,0.61616,0.731601,19729
exclude_unrecorded_runner_action_flag,M1_gross_ev,lprop,2.69171,2.52701,2.86714,19729
exclude_unrecorded_runner_action_flag,M2_ev_plus_cost,inv1,0.800617,0.683209,0.938201,19729
exclude_unrecorded_runner_action_flag,M2_ev_plus_cost,lprop,2.67396,2.50972,2.84894,19729
exclude_unrecorded_runner_action_flag,M2_ev_plus_cost,cost4,0.0317365,0.00212609,0.473736,19729
exclude_unrecorded_runner_action_flag,M3_net_value,inv1,0.724555,0.662829,0.79203,19729
exclude_unrecorded_runner_action_flag,M3_net_value,lprop,2.68333,2.51906,2.85832,19729
exclude_unrecorded_runner_action_flag,M3i_net_x_inv,inv1,0.709237,0.623392,0.806903,19729
exclude_unrecorded_runner_action_flag,M3i_net_x_inv,inv1:net4,1.07148,0.771323,1.48844,19729
exclude_unrecorded_runner_action_flag,M3i_net_x_inv,lprop,2.69608,2.53138,2.8715,19729
exclude_unrecorded_runner_action_flag,M3i_net_x_inv,net4,4.54948,3.78533,5.46789,19729
exclude_unrecorded_runner_action_flag,M1i_ev_x_inv,inv1,0.664755,0.578864,0.763391,19729
exclude_unrecorded_runner_action_flag,M1i_ev_x_inv,inv1:ev4,1.0203,0.737612,1.41133,19729
exclude_unrecorded_runner_action_flag,M1i_ev_x_inv,lprop,2.7038,2.53866,2.87968,19729
exclude_unrecorded_runner_action_flag,M1i_ev_x_inv,ev4,4.53409,3.77426,5.44688,19729
exclude_unrecorded_runner_action_flag,descriptive,passed_with_immediate_exceeds_share_of_passes,0.850926,,,19729
offense_only,M0_exploratory_modelA,inv1,0.768703,0.68005,0.868912,10633
offense_only,M1_gross_ev,inv1,0.788704,0.699147,0.889732,10633
offense_only,M1_gross_ev,lprop,2.39485,2.18832,2.62086,10633
offense_only,M2_ev_plus_cost,inv1,0.807102,0.642541,1.01381,10633
offense_only,M2_ev_plus_cost,lprop,2.39568,2.18899,2.62189,10633
offense_only,M2_ev_plus_cost,cost4,0.649868,0.0179539,23.5229,10633
offense_only,M3_net_value,inv1,0.87712,0.77297,0.995303,10633
offense_only,M3_net_value,lprop,2.4054,2.19829,2.63204,10633
offense_only,M3i_net_x_inv,inv1,0.8775,0.729907,1.05494,10633
offense_only,M3i_net_x_inv,inv1:net4,0.944416,0.565895,1.57612,10633
offense_only,M3i_net_x_inv,lprop,2.41111,2.20471,2.63683,10633
offense_only,M3i_net_x_inv,net4,6.16125,4.60304,8.24694,10633
offense_only,M1i_ev_x_inv,inv1,0.808784,0.661919,0.988234,10633
offense_only,M1i_ev_x_inv,inv1:ev4,0.91221,0.54821,1.5179,10633
offense_only,M1i_ev_x_inv,lprop,2.40768,2.20167,2.63297,10633
offense_only,M1i_ev_x_inv,ev4,6.18744,4.62592,8.27607,10633
offense_only,descriptive,passed_with_immediate_exceeds_share_of_passes,0.823818,,,10633
defense_only,M0_exploratory_modelA,inv1,0.574422,0.510705,0.646088,9266
defense_only,M1_gross_ev,inv1,0.583963,0.51915,0.656869,9266
defense_only,M1_gross_ev,lprop,3.09513,2.83475,3.37942,9266
defense_only,M2_ev_plus_cost,inv1,0.780224,0.621563,0.979387,9266
defense_only,M2_ev_plus_cost,lprop,3.01472,2.75645,3.29719,9266
defense_only,M2_ev_plus_cost,cost4,0.00280274,4.87894e-05,0.161005,9266
defense_only,M3_net_value,inv1,0.613747,0.544118,0.692285,9266
defense_only,M3_net_value,lprop,3.07646,2.81751,3.35921,9266
defense_only,M3i_net_x_inv,inv1,0.572831,0.479859,0.683817,9266
defense_only,M3i_net_x_inv,inv1:net4,1.25588,0.83705,1.88428,9266
defense_only,M3i_net_x_inv,lprop,3.08945,2.82967,3.37308,9266
defense_only,M3i_net_x_inv,net4,3.00599,2.42837,3.721,9266
defense_only,M1i_ev_x_inv,inv1,0.543082,0.449883,0.655589,9266
defense_only,M1i_ev_x_inv,inv1:ev4,1.20771,0.811885,1.79651,9266
defense_only,M1i_ev_x_inv,lprop,3.10649,2.84529,3.39167,9266
defense_only,M1i_ev_x_inv,ev4,2.98382,2.41311,3.6895,9266
defense_only,descriptive,passed_with_immediate_exceeds_share_of_passes,0.889573,,,9266
innings_1_to_8_only,M0_exploratory_modelA,inv1,0.62491,0.569406,0.685823,18552
innings_1_to_8_only,M1_gross_ev,inv1,0.64077,0.584104,0.702934,18552
innings_1_to_8_only,M1_gross_ev,lprop,2.74139,2.56796,2.92653,18552
innings_1_to_8_only,M2_ev_plus_cost,inv1,0.607858,0.499937,0.739075,18552
innings_1_to_8_only,M2_ev_plus_cost,lprop,2.74676,2.57204,2.93334,18552
innings_1_to_8_only,M2_ev_plus_cost,cost4,2.50148,0.121786,51.3802,18552
innings_1_to_8_only,M3_net_value,inv1,0.697657,0.633402,0.76843,18552
innings_1_to_8_only,M3_net_value,lprop,2.73129,2.55842,2.91583,18552
innings_1_to_8_only,M3i_net_x_inv,inv1,0.699347,0.61198,0.799186,18552
innings_1_to_8_only,M3i_net_x_inv,inv1:net4,0.963429,0.692451,1.34045,18552
innings_1_to_8_only,M3i_net_x_inv,lprop,2.74837,2.57479,2.93365,18552
innings_1_to_8_only,M3i_net_x_inv,net4,4.13113,3.44915,4.94795,18552
innings_1_to_8_only,M1i_ev_x_inv,inv1,0.646158,0.559143,0.746715,18552
innings_1_to_8_only,M1i_ev_x_inv,inv1:ev4,0.964858,0.695213,1.33909,18552
innings_1_to_8_only,M1i_ev_x_inv,lprop,2.75645,2.58236,2.94228,18552
innings_1_to_8_only,M1i_ev_x_inv,ev4,4.11389,3.43728,4.92369,18552
innings_1_to_8_only,descriptive,passed_with_immediate_exceeds_share_of_passes,0.842802,,,18552
option_value_states_include_score,M0_exploratory_modelA,inv1,0.659972,0.605792,0.718998,19840
option_value_states_include_score,M1_gross_ev,inv1,0.672521,0.617541,0.732397,19840
option_value_states_include_score,M1_gross_ev,lprop,2.68437,2.52199,2.85719,19840
option_value_states_include_score,M2_ev_plus_cost,inv1,0.81581,0.69696,0.954926,19840
option_value_states_include_score,M2_ev_plus_cost,lprop,2.66542,2.50339,2.83792,19840
option_value_states_include_score,M2_ev_plus_cost,cost4,0.022881,0.0015916,0.328939,19840
option_value_states_include_score,M3_net_value,inv1,0.728144,0.666472,0.795523,19840
option_value_states_include_score,M3_net_value,lprop,2.67609,2.51417,2.84843,19840
option_value_states_include_score,M3i_net_x_inv,inv1,0.707545,0.622806,0.803814,19840
option_value_states_include_score,M3i_net_x_inv,inv1:net4,1.06513,0.771274,1.47096,19840
option_value_states_include_score,M3i_net_x_inv,lprop,2.69223,2.52974,2.86517,19840
option_value_states_include_score,M3i_net_x_inv,net4,4.10391,3.43363,4.90503,19840
option_value_states_include_score,M1i_ev_x_inv,inv1,0.666004,0.580878,0.763606,19840
option_value_states_include_score,M1i_ev_x_inv,inv1:ev4,1.0185,0.741274,1.39941,19840
option_value_states_include_score,M1i_ev_x_inv,lprop,2.6992,2.5363,2.87256,19840
option_value_states_include_score,M1i_ev_x_inv,ev4,4.08899,3.42306,4.88448,19840
option_value_states_include_score,descriptive,passed_with_immediate_exceeds_share_of_passes,0.843172,,,19840
NEAR_BOUNDARY_all_calls_ev_only,NEAR_BOUNDARY_all_calls_ev_only,inv1,0.692887,0.656495,0.731297,97198
NEAR_BOUNDARY_all_calls_ev_x_inv,NEAR_BOUNDARY_all_calls_ev_x_inv,inv1,0.742078,0.688338,0.800012,97198
NEAR_BOUNDARY_all_calls_ev_x_inv,NEAR_BOUNDARY_all_calls_ev_x_inv,inv1:ev4,0.846518,0.736592,0.972849,97198
NEAR_BOUNDARY_all_calls_ev_x_inv,NEAR_BOUNDARY_all_calls_ev_x_inv,ev4,3.31825,3.04545,3.61549,97198
validation,flip_value_vs_article4_R1,max_abs_difference,1e-05,,,2000
NEAR_BOUNDARY_all_calls_ev_only,descriptive,share_geometry_incorrect,0.201733,,,97198
