transition,baseline_model,expanded_model,delta_roc_auc,delta_pr_auc,delta_log_loss,delta_brier_score,interpretation_rule
DISTANCE -> A_GEOMETRY,DISTANCE,A_GEOMETRY,0.0250214776632,-0.00569831767748,-0.00136518296335,0.000477294172728,Positive AUC/PR and negative log-loss/Brier changes favor expanded model
A_GEOMETRY -> B_PITCH_TYPE,A_GEOMETRY,B_PITCH_TYPE,-0.0116516323024,-0.0112485557518,0.0081614887956,0.00169494425356,Positive AUC/PR and negative log-loss/Brier changes favor expanded model
A_GEOMETRY -> B_MOVEMENT,A_GEOMETRY,B_MOVEMENT,0.00544995704467,0.0118972805111,0.00659188955212,-0.000160099273165,Positive AUC/PR and negative log-loss/Brier changes favor expanded model
A_GEOMETRY -> B_PITCH,A_GEOMETRY,B_PITCH,-0.00397336769759,-0.00115599743809,0.0154907145755,0.00242072375407,Positive AUC/PR and negative log-loss/Brier changes favor expanded model
B_PITCH -> C_SITUATION,B_PITCH,C_SITUATION,0.0600569158076,0.0880402083315,-0.0246842747196,-0.00701649989444,Positive AUC/PR and negative log-loss/Brier changes favor expanded model
C_SITUATION -> D_BATTER,C_SITUATION,D_BATTER,0.00144974226804,-0.00200967730024,0.0018858659735,0.000424280712468,Positive AUC/PR and negative log-loss/Brier changes favor expanded model
C_SITUATION -> D_PITCHER,C_SITUATION,D_PITCHER,0.00467139175258,0.00764185964546,-0.00350545087788,-0.00220189213433,Positive AUC/PR and negative log-loss/Brier changes favor expanded model
C_SITUATION -> D_CATCHER,C_SITUATION,D_CATCHER,-0.00872530068729,0.012796381295,0.00392661713309,-0.00053112929722,Positive AUC/PR and negative log-loss/Brier changes favor expanded model
C_SITUATION -> D_UMPIRE,C_SITUATION,D_UMPIRE,-0.0141484106529,-0.0220689939106,0.0128494310961,0.00438253528838,Positive AUC/PR and negative log-loss/Brier changes favor expanded model
C_SITUATION -> D_ALL_IDENTITY,C_SITUATION,D_ALL_IDENTITY,-0.00456400343643,0.00565293960856,0.00718432938385,0.000334100031333,Positive AUC/PR and negative log-loss/Brier changes favor expanded model
