team,opportunities,recognized,expected_recognized,raw_rate,expected_rate,adjusted_difference
Arizona Diamondbacks,396,73,79.6670832205,0.184343434343,0.201179503082,-0.0168360687385
Athletics,352,73,71.4494908608,0.207386363636,0.202981508127,0.00440485550897
Atlanta Braves,296,46,57.2521279874,0.155405405405,0.193419351309,-0.0380139459034
Baltimore Orioles,389,73,81.1760752202,0.18766066838,0.208678856607,-0.0210181882267
Boston Red Sox,367,77,75.832975443,0.209809264305,0.20662936088,0.00317990342499
Chicago Cubs,363,74,66.3701230839,0.203856749311,0.182837804639,0.0210189446724
Chicago White Sox,326,68,61.6954177446,0.208588957055,0.189249747683,0.0193392093723
Cincinnati Reds,414,88,92.0976078963,0.212560386473,0.222457990088,-0.00989760361429
Cleveland Guardians,370,58,70.5386244893,0.156756756757,0.190644931052,-0.0338881742953
Colorado Rockies,310,68,58.1986772738,0.21935483871,0.187737668625,0.0316171700845
Detroit Tigers,379,81,74.9093074229,0.213720316623,0.197649887659,0.0160704289634
Houston Astros,322,86,55.9635887671,0.267080745342,0.173799965115,0.0932807802264
Kansas City Royals,366,76,70.2433550508,0.207650273224,0.191921735112,0.0157285381125
Los Angeles Angels,369,72,78.5395106816,0.19512195122,0.212844202389,-0.0177222511695
Los Angeles Dodgers,373,75,70.5389477559,0.201072386059,0.189112460472,0.0119599255875
Miami Marlins,409,72,83.926974043,0.176039119804,0.205200425533,-0.0291613057287
Milwaukee Brewers,419,49,80.0848958965,0.116945107399,0.191133403094,-0.0741882956958
Minnesota Twins,323,83,64.4675942369,0.256965944272,0.199590075037,0.0573758692357
New York Mets,363,88,70.5539961597,0.242424242424,0.194363625784,0.04806061664
New York Yankees,326,91,67.3359819098,0.279141104294,0.206552091748,0.0725890125466
Philadelphia Phillies,346,81,65.1598522798,0.234104046243,0.188323272485,0.0457807737578
Pittsburgh Pirates,359,66,73.4008995282,0.183844011142,0.204459330162,-0.0206153190201
San Diego Padres,318,55,60.7651724561,0.172955974843,0.191085447975,-0.0181294731324
San Francisco Giants,344,64,66.1886224383,0.186046511628,0.192408786158,-0.00636227452994
Seattle Mariners,353,61,69.9720200786,0.172804532578,0.198221020053,-0.0254164874747
St. Louis Cardinals,350,56,64.4169514824,0.16,0.184048432807,-0.0240484328068
Tampa Bay Rays,376,64,73.6008312272,0.170212765957,0.195746891562,-0.0255341256042
Texas Rangers,360,64,72.5423506591,0.177777777778,0.201506529609,-0.0237287518308
Toronto Blue Jays,342,77,63.576385512,0.22514619883,0.18589586407,0.0392503347604
Washington Nationals,375,53,71.7514436296,0.141333333333,0.191337183012,-0.0500038496789
