dimension,group,incorrect_calls,run_value_lost,wp_value_lost,mean_wp_loss,median_wp_loss,p90_wp_loss,maximum_wp_loss
SIDE,DEFENSE,181,44.8791278781,4.15959548725,0.0229811905373,0.00332134007459,0.0718297221004,0.278766072471
SIDE,OFFENSE,185,44.8888444028,2.26860273035,0.0122627174613,0.000681577895943,0.0406120951179,0.256612392217
INNING,2,2,0.470785792199,0.0127826015789,0.00639130078947,0.00639130078947,0.0102495782824,0.0112141476557
INNING,3,7,1.55795170685,0.0553997626126,0.0079142518018,0.00892228334614,0.0153641381812,0.018566548356
INNING,4,17,3.98414400873,0.223846385386,0.0131674344344,0.00208010837879,0.0280249517529,0.11015916115
INNING,5,27,5.60159983348,0.374214149223,0.0138597833046,0.00396281044205,0.0475997961711,0.0659343541524
INNING,6,44,9.37002097029,0.560823898627,0.0127459976961,0.00107301469061,0.0412097064433,0.101513778447
INNING,7,61,16.0445651699,1.42972412547,0.0234381004176,0.00344733874978,0.0568628605875,0.278766072471
INNING,8,105,26.0072542491,1.4021580533,0.0133538862219,0.000399904340488,0.0482843204215,0.126316287126
INNING,9,99,25.8466907641,2.24775737471,0.0227046199466,0.000930868688848,0.0912181001517,0.21743781489
INNING,10,2,0.6091516527,0.121491866674,0.060745933337,0.060745933337,0.108042702098,0.119866894288
INNING,11,2,0.275808133496,0,0,0,0,0
COUNT,0,36,3.33117984528,0.177656243009,0.00493489563913,7.69927220646e-05,0.0129472478945,0.0593305748657
COUNT,1,122,21.581531003,1.23623742969,0.010133093686,0.00198774556952,0.0297376347577,0.117591473123
COUNT,2,117,26.4093664163,1.07929766379,0.00922476635714,0.000170062191593,0.02736602593,0.119866894288
COUNT,3,91,38.4458950162,3.93500688111,0.0432418338584,0.0108265666973,0.122713608282,0.278766072471
TEAM,Arizona Diamondbacks,5,0.953946936727,0.0795641389352,0.015912827787,0.00432028870877,0.0396244901728,0.048997906203
TEAM,Athletics,11,2.57298311517,0.143641047203,0.0130582770185,1.97269721985e-05,0.0397772705326,0.0855853593405
TEAM,Atlanta Braves,12,2.89151498937,0.23437383897,0.0195311532475,0.00123047396195,0.0556169488037,0.117591473123
TEAM,Baltimore Orioles,13,4.62297403615,0.118475222472,0.00911347865167,0.00156361513249,0.0167628580868,0.0718297221004
TEAM,Boston Red Sox,4,0.986411958785,0.178196162998,0.0445490407495,0.0319056293856,0.0949105852644,0.11015916115
TEAM,Chicago Cubs,9,2.75069122973,0.125113531549,0.0139015035055,0.00444360884738,0.0323912797135,0.0496169577589
TEAM,Chicago White Sox,29,6.64690760671,0.441026817971,0.0152078213094,0.000661010094008,0.0610818002913,0.149599605403
TEAM,Cincinnati Reds,12,2.71316831153,0.171336805652,0.0142780671377,0.000456070456111,0.0627624937984,0.0676046260944
TEAM,Cleveland Guardians,15,4.60525086322,0.581349872447,0.0387566581631,0.00977588014152,0.0809083553642,0.278766072471
TEAM,Colorado Rockies,16,3.60928931644,0.291157784012,0.0181973615007,0.00109724366368,0.0528130572848,0.160132762125
TEAM,Detroit Tigers,5,0.71515513424,0.0794583880833,0.0158916776167,0.00160888972935,0.0419493021321,0.0541212857023
TEAM,Houston Astros,19,4.19221263899,0.336494324948,0.0177102276288,0.00200014861609,0.0506295369928,0.118900978893
TEAM,Kansas City Royals,10,2.17970452718,0.112778295818,0.0112778295818,0.00126173279583,0.0179018490957,0.0899807863066
TEAM,Los Angeles Angels,10,1.5483554253,0.0603078442889,0.00603078442889,0.000182663840298,0.013193144851,0.0357611908242
TEAM,Los Angeles Dodgers,6,1.55278532923,0.208055413242,0.034675902207,0.0163025167857,0.0840880879998,0.148802030803
TEAM,Miami Marlins,23,3.19806504659,0.119806725836,0.00520898807983,0.00332134007459,0.0106575412136,0.0288081719358
TEAM,Milwaukee Brewers,14,4.74252075467,0.627821487756,0.0448443919826,0.000822172649274,0.182660603957,0.21743781489
TEAM,Minnesota Twins,23,4.55243662091,0.138738696094,0.00603211722146,0.00100983217775,0.0202581858511,0.0435447845657
TEAM,New York Mets,11,2.52087858398,0.217209364357,0.0197463058507,0.000384751205083,0.0718297221004,0.100288477696
TEAM,New York Yankees,13,1.98835634892,0.164167769865,0.0126282899896,0,0.0290398636614,0.0859315636855
TEAM,Philadelphia Phillies,5,2.57532479699,0.436015006897,0.0872030013794,0.0472139417492,0.201914193045,0.256612392217
TEAM,Pittsburgh Pirates,11,1.88820903258,0.176998131634,0.0160907392395,0.00417476777654,0.0298409084045,0.10041514254
TEAM,San Diego Padres,10,1.79494055829,0.067747285461,0.0067747285461,0.000537811082342,0.0199556497031,0.0467827805767
TEAM,San Francisco Giants,12,3.12127397708,0.0343163694187,0.00285969745155,0,0.0108204242638,0.0132291980647
TEAM,Seattle Mariners,12,3.51982978694,0.114341846707,0.00952848722562,0.00364207699887,0.0277985925527,0.0434338133977
TEAM,St. Louis Cardinals,4,0.885919743818,0.0992194477236,0.0248048619309,0.00656647034008,0.0629327142113,0.0860865070435
TEAM,Tampa Bay Rays,14,4.30832008762,0.387920692046,0.0277086208604,0.00512827754389,0.0967801755056,0.122713608282
TEAM,Texas Rangers,8,1.53320111127,0.0757124935622,0.00946406169528,0,0.0229484557505,0.0716471696109
TEAM,Toronto Blue Jays,9,2.771898929,0.297129396212,0.0330143773569,0.00953097751197,0.119609908225,0.126316287126
TEAM,Washington Nationals,21,7.82544548339,0.309724015434,0.0147487626397,0.00418637925507,0.0397112935113,0.122713608282
